,PortfolioValue
2004-04-21,100527.63369701305
2004-04-22,101940.618851726
2004-04-23,102003.21945984618
2004-04-26,101547.1293149705
2004-04-27,101779.64585941692
2004-04-28,100375.60364872118
2004-04-29,99615.4534072617
2004-04-30,99025.21910212845
2004-05-03,99937.39939187984
2004-05-04,100116.25827222323
2004-05-05,100295.11715256663
2004-05-06,99624.39635127885
2004-05-07,98256.12591665177
2004-05-10,97218.74441065999
2004-05-11,97969.95170810232
2004-05-12,98130.92470041139
2004-05-13,98050.43820425685
2004-05-14,97987.83759613665
2004-05-17,96950.45609014487
2004-05-18,97612.23394741549
2004-05-19,97361.83151493472
2004-05-20,97406.54623502056
2004-05-21,97800.03577177605
2004-05-24,97961.00876408513
2004-05-25,99534.96691110711
2004-05-26,99704.88284743337
2004-05-27,100277.23126453227
2004-05-28,100223.57360042926
2004-06-01,100268.28832051513
2004-06-02,100608.1201931676
2004-06-03,99856.91289572528
2004-06-04,100384.54659273835
2004-06-07,101985.33357181185
2004-06-08,102146.30656412094
2004-06-09,101171.52566624933
2004-06-10,101636.55875514222
2004-06-14,100634.94902521912
2004-06-15,101234.12627436954
2004-06-16,101377.21337864424
2004-06-17,101234.12627436954
2004-06-18,101502.41459488466
2004-06-21,101082.09622607763
2004-06-22,101448.75693078163
2004-06-23,102316.22250044717
2004-06-24,102012.16240386337
2004-06-25,101448.75693078163
2004-06-28,101350.38454659276
2004-06-29,101609.7299230907
2004-06-30,102021.10534788054
2004-07-01,100956.89500983727
2004-07-02,100926.60794133433
2004-07-06,100071.26794272634
2004-07-07,100041.24656234353
2004-07-08,100041.24656234353
2004-07-09,100041.24656234353
2004-07-12,100041.24656234353
2004-07-13,100041.24656234353
2004-07-14,100041.24656234353
2004-07-15,100041.24656234353
2004-07-16,100041.24656234353
2004-07-19,100041.24656234353
2004-07-20,100041.24656234353
2004-07-21,100041.24656234353
2004-07-22,100041.24656234353
2004-07-23,100041.24656234353
2004-07-26,100041.24656234353
2004-07-27,100041.24656234353
2004-07-28,100041.24656234353
2004-07-29,100041.24656234353
2004-07-30,100041.24656234353
2004-08-02,100041.24656234353
2004-08-03,100041.24656234353
2004-08-04,100041.24656234353
2004-08-05,100041.24656234353
2004-08-06,100041.24656234353
2004-08-09,100041.24656234353
2004-08-10,100041.24656234353
2004-08-11,100041.24656234353
2004-08-12,100041.24656234353
2004-08-13,100041.24656234353
2004-08-16,100041.24656234353
2004-08-17,100041.24656234353
2004-08-18,100041.24656234353
2004-08-19,100041.24656234353
2004-08-20,100041.24656234353
2004-08-23,100041.24656234353
2004-08-24,100041.24656234353
2004-08-25,100041.24656234353
2004-08-26,100041.24656234353
2004-08-27,100041.24656234353
2004-08-30,100041.24656234353
2004-08-31,100041.24656234353
2004-09-01,100041.24656234353
2004-09-02,100041.24656234353
2004-09-03,100041.24656234353
2004-09-07,100702.97053762953
2004-09-08,100253.92491853729
2004-09-09,100223.84874106171
2004-09-10,100223.84874106171
2004-09-13,100363.21419842266
2004-09-14,100586.0850773497
2004-09-15,99881.81309994028
2004-09-16,100158.1729898098
2004-09-17,100603.91474766386
2004-09-20,100042.28013276774
2004-09-21,100012.26744872791
2004-09-22,98591.85147862785
2004-09-23,98562.27392318427
2004-09-24,98562.27392318427
2004-09-27,98562.27392318427
2004-09-28,98562.27392318427
2004-09-29,98562.27392318427
2004-09-30,98562.27392318427
2004-10-01,98562.27392318427
2004-10-04,98562.27392318427
2004-10-05,98471.92864503636
2004-10-06,99122.91098513134
2004-10-07,98142.09759272156
2004-10-08,98112.65496344374
2004-10-11,98112.65496344374
2004-10-12,97856.35092246435
2004-10-13,97826.99401718762
2004-10-14,97826.99401718762
2004-10-15,97826.99401718762
2004-10-18,97826.99401718762
2004-10-19,97826.99401718762
2004-10-20,97826.99401718762
2004-10-21,97826.99401718762
2004-10-22,97826.99401718762
2004-10-25,97826.99401718762
2004-10-26,97826.99401718762
2004-10-27,97826.99401718762
2004-10-28,97971.4987606693
2004-10-29,98214.81985037118
2004-11-01,98240.88996712494
2004-11-02,98240.88996712494
2004-11-03,99344.52490970123
2004-11-04,100952.18210951706
2004-11-05,101343.23386082362
2004-11-08,101230.26335489063
2004-11-09,101160.74304354723
2004-11-10,101056.46257653215
2004-11-11,101977.60670183202
2004-11-12,102907.44086604983
2004-11-15,102872.68071037813
2004-11-16,102142.71744127257
2004-11-17,102707.56997093759
2004-11-18,102846.61059362437
2004-11-19,101699.52545645846
2004-11-22,102299.13814179519
2004-11-23,102273.06802504142
2004-11-24,102698.87993201966
2004-11-26,102777.09028228097
2004-11-29,102420.79868664611
2004-11-30,102003.67681858578
2004-12-01,103533.12366814031
2004-12-02,103437.53324004315
2004-12-03,103515.74359030447
2004-12-06,103428.84320112522
2004-12-07,102290.44810287721
2004-12-08,102785.78032119885
2004-12-09,103341.94281194595
2004-12-10,103237.66234493085
2004-12-13,104167.49650914867
2004-12-14,104575.92833829105
2004-12-15,104775.7992334033
2004-12-16,104558.54826045521
2004-12-17,103776.4447578421
2004-12-20,103819.89495243171
2004-12-21,104758.41915556745
2004-12-22,105114.7107512023
2004-12-23,105158.16094579194
2004-12-27,104706.27892205992
2004-12-28,105453.62226900135
2004-12-29,105453.62226900135
2004-12-30,105453.62226900135
2004-12-31,105314.58164631457
2005-01-02,103359.3228897818
2005-01-03,105184.23106254573
2005-01-04,101925.46646832443
2005-01-06,104480.33791019394
2005-01-07,103793.82483567798
2005-01-08,107348.05075310869
2005-01-09,106157.51542135316
2005-01-11,104523.78810478355
2005-01-12,109902.9221949782
2005-02-02,103689.54436866292
2005-02-03,105158.16094579195
2005-02-05,100995.63230410662
2005-02-06,104654.13868855238
2005-02-08,108112.77417788592
2005-02-09,105844.67402030791
2005-02-11,105566.59277493434
2005-02-12,109937.68235064985
2005-03-01,104462.95783235806
2005-03-02,103402.77308437142
2005-03-03,105192.92110146365
2005-03-05,100908.7319149274
2005-03-06,103932.86545836476
2005-03-08,108190.98452814727
2005-03-10,106600.70740616728
2005-03-11,106009.78475974847
2005-04-01,103237.66234493088
2005-04-02,104541.16818261941
2005-04-03,106200.96561594278
2005-04-04,102203.54771369798
2005-04-05,102168.78755802629
2005-04-08,107400.19098661625
2005-04-10,105540.52265818062
2005-04-11,106027.16483758432
2005-05-01,102863.9906714602
2005-05-04,102664.11977634796
2005-05-05,101899.39635157069
2005-05-07,104714.9689609779
2005-05-08,106574.63728941353
2005-05-10,103967.62561403647
2005-05-12,109676.9811831122
2005-06-01,103228.972306013
2005-06-04,102898.7508271319
2005-06-05,101786.42584563768
2005-06-06,104063.21604213364
2005-06-07,103837.27503026763
2005-06-09,107182.94001366817
2005-06-10,103541.81370705825
2005-06-12,109816.02180579898
2005-07-01,103081.24164440828
2005-07-02,104428.19767668642
2005-07-03,106479.04686131637
2005-07-04,103507.05355138655
2005-07-06,104045.83596429779
2005-07-07,104097.97619780534
2005-07-09,107443.64118120588
2005-07-10,103924.17541944687
2005-07-11,106261.79588836829
2005-07-12,109268.54935396984
2005-08-02,104480.337910194
2005-08-03,105966.33456515892
2005-08-04,102646.73969851214
2005-08-06,103819.8949524318
2005-08-07,105314.58164631465
2005-08-08,106287.86600512205
2005-08-09,107035.20935206348
2005-08-11,105896.8142538155
2005-08-12,109129.50873128304
2005-09-02,103585.26390164786
2005-09-03,104888.76973933638
2005-09-05,102438.17876448196
2005-09-06,104358.67736534306
2005-09-08,107009.13923530972
2005-09-09,107886.83316601996
2005-09-11,106079.30507109189
2005-09-12,109442.35013232828
2005-10-01,103428.84320112522
2005-10-02,104019.76584754403
2005-10-03,105079.95059553068
2005-10-05,101343.23386082357
2005-10-06,104115.35627564117
2005-10-08,106809.26834019746
2005-10-10,103176.83207250545
2005-10-11,106974.37907963802
2005-11-01,102803.16039903476
2005-11-02,104741.0390777317
2005-11-03,104289.15705399966
2005-11-04,102646.73969851213
2005-11-05,102615.94567660257
2005-11-07,102615.94567660257
2005-11-08,104133.57273515764
2005-11-10,99683.20434148352
2005-11-11,103872.77609961154
2005-12-01,99918.76259294455
2005-12-04,99927.17538763957
2005-12-05,97537.9416942493
2005-12-07,97508.68031174103
2005-12-08,98133.634202948
2005-12-09,98947.16075437034
2005-12-10,93930.41368726581
2005-12-12,93902.23456315964
2006-01-02,95520.55658070392
2006-01-03,96168.53228616367
2006-01-05,97211.25181219085
2006-01-06,95758.89247236727
2006-01-08,94656.58897342427
2006-01-09,97643.23561583066
2006-01-11,101873.69769285522
2006-01-12,104026.1687144399
2006-02-02,94649.14097680978
2006-02-03,96012.12435725957
2006-02-05,97807.09154134923
2006-02-06,95945.09238772927
2006-02-08,95222.63671612472
2006-02-10,99155.17892857008
2006-02-11,101836.45770978283
2006-03-01,94500.18104452018
2006-03-02,94142.67720702515
2006-03-03,95870.61242158448
2006-03-04,96660.10006271933
2006-03-05,97404.89972416732
2006-03-07,95349.2526585709
2006-03-08,95356.70065518538
2006-03-10,99363.72283377554
2006-03-11,101613.01781134844
2006-04-01,94850.23688540074
2006-04-04,97263.38778849221
2006-04-05,97732.61157520446
2006-04-08,95289.66868565507
2006-04-10,100562.8502887068
2006-04-12,104949.72029463541
2006-05-01,94850.23688540075
2006-05-04,97687.92359551758
2006-05-05,98745.53911477371
2006-05-06,94239.50116301341
2006-05-07,94656.5889734243
2006-05-09,97807.09154134926
2006-05-10,100786.29018714117
2006-05-12,105374.25610166075
2006-06-01,95743.99647913832
2006-06-02,94217.15717316997
2006-06-03,95207.74072289579
2006-06-04,97494.2756835411
2006-06-06,94127.78121379622
2006-06-07,94894.92486508764
2006-06-09,96846.29997808137
2006-06-10,100518.16230901993
2006-06-11,102767.45728659286
2006-06-12,105232.74416598568
2006-07-02,93457.46151849304
2006-07-03,95028.9888041483
2006-07-04,96488.79614058635
2006-07-06,93561.73347109578
2006-07-07,94254.39715624238
2006-07-08,95021.5408075338
2006-07-09,96377.07619136915
2006-07-11,102990.89718502725
2006-07-12,104815.65635557481
2006-08-02,94269.29314947137
2006-08-03,95222.63671612478
2006-08-05,98663.61115201446
2006-08-06,93688.34941354193
2006-08-08,94701.27695311118
2006-08-09,96742.02802547866
2006-08-11,103206.88908684716
2006-08-12,105001.85627093678
2006-09-01,96094.0523200189
2006-09-02,94127.78121379622
2006-09-03,94753.41292941253
2006-09-05,98693.40313847235
2006-09-06,93271.26160313103
2006-09-08,94291.63713931477
2006-09-10,100600.0902717792
2006-09-11,102655.73733737566
2006-10-01,96056.81233694652
2006-10-02,94366.11710545959
2006-10-03,95453.52461117365
2006-10-04,96570.72410334562
2006-10-05,98522.09921633934
2006-10-07,94388.46109530302
2006-10-08,94723.62094295461
2006-10-10,100801.18618037018
2006-10-11,102849.38524935213
2006-11-01,96391.9721845981
2006-11-04,95825.92444189762
2006-11-05,97263.38778849224
2006-11-07,94775.75691925597
2006-11-08,94343.77311561613
2006-11-09,96786.71600516552
2006-11-10,100547.95429547784
2006-11-12,105240.19216260014
2006-12-01,95788.68445882521
2006-12-04,95937.64439111482
2006-12-05,96168.5322861637
2006-12-06,92087.03014142875
2006-12-07,93740.48538984326
2006-12-09,93712.36324422632
2006-12-10,97231.20289237594
2006-12-12,100712.91899242578
2007-01-02,103160.10879225592
2007-01-03,100113.6072047123
2007-01-05,106042.51310459228
2007-01-06,109609.84517431549
2007-01-08,104579.90695600577
2007-01-10,110373.25423723628
2007-01-11,107619.27387940997
2007-02-02,103338.4753957421
2007-02-03,98972.06094240089
2007-02-04,101633.29066641442
2007-02-05,106727.44086197918
2007-02-07,108404.0869347491
2007-02-08,105036.52546093038
2007-02-10,110344.71558067853
2007-02-11,107712.02451322282
2007-03-01,101069.65219939816
2007-03-04,102582.2009969608
2007-03-05,107191.1940310432
2007-03-07,108796.49346241864
2007-03-08,102246.87178240682
2007-03-10,109845.28909091727
2007-03-12,105050.79478920926
2007-04-01,101190.94148976872
2007-04-04,102696.35562319192
2007-04-05,107419.50328350544
2007-04-06,109816.75043435948
2007-04-09,106263.68769291516
2007-04-10,110073.59834337955
2007-04-12,104365.8670318224
2007-05-01,100577.36037377636
2007-05-02,103238.59009778989
2007-05-03,98037.41994013342
2007-05-04,103010.28084532758
2007-05-06,109231.70797492488
2007-05-07,108832.16678311587
2007-05-09,105043.6601250698
2007-05-10,111129.5286360176
2007-05-11,107176.92470276427
2007-05-12,105949.76247077947
2007-06-02,103309.9367391843
2007-06-03,99557.10340183548
2007-06-06,108261.39365196013
2007-06-07,109188.89999008816
2007-06-08,104715.46557465526
2007-06-09,105486.00930171546
2007-06-11,108468.29891200407
2007-06-12,107540.79257387604
2007-07-02,103452.63002197322
2007-07-03,99314.5248210943
2007-07-05,107697.75518494385
2007-07-06,106356.43832672792
2007-07-08,105357.5853472054
2007-07-09,103702.34326685383
2007-07-11,105279.1040416715
2007-07-12,107355.29130625041
2007-08-01,100798.53496209913
2007-08-02,103331.34073160264
2007-08-03,100020.85657089952
2007-08-05,107569.33123043385
2007-08-06,107569.33123043385
2007-08-08,106841.59548821031
2007-08-10,110772.79542904528
2007-08-11,105222.02672855597
2007-09-01,100748.59231312305
2007-09-02,102603.60498937912
2007-09-03,100085.06854815454
2007-09-04,103067.35815844315
2007-09-05,107918.92977326673
2007-09-07,109288.78528804045
2007-09-08,103673.8046102961
2007-09-10,111671.76311061555
2007-09-11,103716.61259513278
2007-10-01,100941.22824488812
2007-10-04,103338.47539574212
2007-10-05,106413.51563984354
2007-10-07,107740.56316978055
2007-10-08,103709.47793099332
2007-10-09,103573.91931234386
2007-10-10,111479.1271788505
2007-10-12,108161.5083540079
2007-11-01,101583.34801743829
2007-11-04,102660.68230249472
2007-11-05,107433.77261178437
2007-11-06,107669.2165283861
2007-11-07,108361.2789499124
2007-11-09,104986.58281195426
2007-11-10,110901.21938355535
2007-11-12,105428.93198859993
2007-12-01,102075.63984306011
2007-12-02,102268.27577482518
2007-12-03,100356.18578545353
2007-12-04,103295.66741090546
2007-12-06,106520.53560193523
2007-12-07,110423.19688621243
2007-12-09,104993.71747609369
2007-12-10,111429.18452987439
2007-12-11,102682.08629491307
2007-12-12,106063.91709701066
2008-01-02,99557.10340183553
2008-01-04,97759.16803869502
2008-01-05,100548.82171721857
2008-01-07,91673.29952774722
2008-01-08,89918.17214944339
2008-01-10,89891.19669779856
2008-01-12,89891.19669779856
2008-02-01,89891.19669779856
2008-02-04,84913.75367764042
2008-02-05,87794.9223581834
2008-02-06,86043.86725492236
2008-02-07,78331.77350226208
2008-02-09,78308.27397021139
2008-02-10,78308.27397021139
2008-02-12,78308.27397021139
2008-03-01,78308.27397021139
2008-03-03,72013.40990624345
2008-03-04,74068.9267517608
2008-03-06,74523.30415971727
2008-03-07,68313.47958431223
2008-03-09,68292.98554043693
2008-03-10,68292.98554043693
2008-03-11,68292.98554043693
2008-03-12,68292.98554043693
2008-04-01,68292.98554043693
2008-04-02,68292.98554043693
2008-04-03,68292.98554043693
2008-04-04,68292.98554043693
2008-04-06,68292.98554043693
2008-04-08,68292.98554043693
2008-04-09,68292.98554043693
2008-04-11,68292.98554043693
2008-04-12,68292.98554043693
2008-05-02,68292.98554043693
2008-05-03,68292.98554043693
2008-05-05,68292.98554043693
2008-05-06,68292.98554043693
2008-05-08,68292.98554043693
2008-05-09,68292.98554043693
2008-05-11,68292.98554043693
2008-05-12,68292.98554043693
2008-06-02,68292.98554043693
2008-06-03,68292.98554043693
2008-06-05,68292.98554043693
2008-06-06,68292.98554043693
2008-06-08,68292.98554043693
2008-06-10,68292.98554043693
2008-06-11,68292.98554043693
2008-07-01,68292.98554043693
2008-07-02,68292.98554043693
2008-07-03,68292.98554043693
2008-07-04,68292.98554043693
2008-07-05,68292.98554043693
2008-07-07,68292.98554043693
2008-07-08,68292.98554043693
2008-07-10,68292.98554043693
2008-07-11,68292.98554043693
2008-08-01,68292.98554043693
2008-08-02,68292.98554043693
2008-08-04,68292.98554043693
2008-08-05,68292.98554043693
2008-08-07,68292.98554043693
2008-08-08,68292.98554043693
2008-08-09,68292.98554043693
2008-08-10,68292.98554043693
2008-08-12,68292.98554043693
2008-09-01,68292.98554043693
2008-09-04,68292.98554043693
2008-09-05,68292.98554043693
2008-09-06,68292.98554043693
2008-09-07,68292.98554043693
2008-09-09,68292.98554043693
2008-09-10,68292.98554043693
2008-09-12,68292.98554043693
2008-10-01,68292.98554043693
2008-10-03,68292.98554043693
2008-10-04,68292.98554043693
2008-10-06,68292.98554043693
2008-10-07,68292.98554043693
2008-10-09,68292.98554043693
2008-10-10,68292.98554043693
2008-10-11,68292.98554043693
2008-10-12,68292.98554043693
2008-11-01,68292.98554043693
2008-11-02,68292.98554043693
2008-11-03,68292.98554043693
2008-11-04,68292.98554043693
2008-11-06,68292.98554043693
2008-11-07,68292.98554043693
2008-11-08,68292.98554043693
2008-11-09,68292.98554043693
2008-11-11,68292.98554043693
2008-11-12,68292.98554043693
2008-12-02,68292.98554043693
2008-12-03,68292.98554043693
2008-12-05,68292.98554043693
2008-12-06,68292.98554043693
2008-12-08,68292.98554043693
2008-12-09,68292.98554043693
2008-12-11,68292.98554043693
2008-12-12,68292.98554043693
2009-01-04,68292.98554043693
2009-01-05,68292.98554043693
2009-01-06,68292.98554043693
2009-01-07,68292.98554043693
2009-01-09,68292.98554043693
2009-01-10,68292.98554043693
2009-01-12,68292.98554043693
2009-02-01,68292.98554043693
2009-02-02,68292.98554043693
2009-02-03,68292.98554043693
2009-02-04,68292.98554043693
2009-02-06,68292.98554043693
2009-02-07,68292.98554043693
2009-02-09,68292.98554043693
2009-02-10,68292.98554043693
2009-02-11,68292.98554043693
2009-02-12,68292.98554043693
2009-03-02,68292.98554043693
2009-03-03,68292.98554043693
2009-03-04,68292.98554043693
2009-03-06,68292.98554043693
2009-03-08,68292.98554043693
2009-03-09,68292.98554043693
2009-03-11,68292.98554043693
2009-03-12,68292.98554043693
2009-04-02,68292.98554043693
2009-04-03,58482.3592465843
2009-04-05,58464.81453881033
2009-04-06,58464.81453881033
2009-04-08,58464.81453881033
2009-04-09,58464.81453881033
2009-04-11,58464.81453881033
2009-04-12,58464.81453881033
2009-05-01,58464.81453881033
2009-05-02,53303.63211184284
2009-05-03,53287.64102220929
2009-05-05,53287.64102220929
2009-05-06,53287.64102220929
2009-05-08,53287.64102220929
2009-05-10,53287.64102220929
2009-05-11,53287.64102220929
2009-06-01,53287.64102220929
2009-06-02,53287.64102220929
2009-06-03,53287.64102220929
2009-06-04,53287.64102220929
2009-06-05,53287.64102220929
2009-06-07,53287.64102220929
2009-06-08,53287.64102220929
2009-06-10,53287.64102220929
2009-06-11,53287.64102220929
2009-07-01,53287.64102220929
2009-07-04,53287.64102220929
2009-07-05,53287.64102220929
2009-07-07,53287.64102220929
2009-07-08,53287.64102220929
2009-07-10,53287.64102220929
2009-07-12,53287.64102220929
2009-08-01,53287.64102220929
2009-08-04,53287.64102220929
2009-08-05,53287.64102220929
2009-08-06,53839.3986452275
2009-08-07,53823.24682563393
2009-08-09,53823.24682563393
2009-08-10,53823.24682563393
2009-08-12,53823.24682563393
2009-09-01,53823.24682563393
2009-09-02,53823.24682563393
2009-09-03,53823.24682563393
2009-09-04,53823.24682563393
2009-09-06,53823.24682563393
2009-09-07,53823.24682563393
2009-09-09,53823.24682563393
2009-09-10,53823.24682563393
2009-09-11,53823.24682563393
2009-09-12,53823.24682563393
2009-10-02,40606.65391478843
2009-10-03,40594.47191861399
2009-10-06,40594.47191861399
2009-10-07,40594.47191861399
2009-10-08,40594.47191861399
2009-10-09,40594.47191861399
2009-10-11,40594.47191861399
2009-10-12,40594.47191861399
2009-11-02,40594.47191861399
2009-11-03,40594.47191861399
2009-11-05,40594.47191861399
2009-11-06,40594.47191861399
2009-11-08,40594.47191861399
2009-11-09,40594.47191861399
2009-11-11,40594.47191861399
2009-11-12,40594.47191861399
2009-12-01,40594.47191861399
2009-12-02,40594.47191861399
2009-12-03,40594.47191861399
2009-12-05,40594.47191861399
2009-12-06,40594.47191861399
2009-12-08,40594.47191861399
2009-12-10,40594.47191861399
2009-12-11,40594.47191861399
2010-01-02,40594.47191861399
2010-01-03,41569.94828310091
2010-01-04,43894.91446833484
2010-01-06,39893.28997644183
2010-01-07,39881.3219894489
2010-01-09,39881.3219894489
2010-01-10,39881.3219894489
2010-01-11,39881.3219894489
2010-01-12,39881.3219894489
2010-02-02,39881.3219894489
2010-02-03,39881.3219894489
2010-02-06,39881.3219894489
2010-02-07,37117.168766559065
2010-02-08,40866.634377340946
2010-02-09,40854.37438702775
2010-02-11,40854.37438702775
2010-02-12,40854.37438702775
2010-03-02,40854.37438702775
2010-03-03,40854.37438702775
2010-03-05,40854.37438702775
2010-03-06,37461.08983591162
2010-03-08,38062.34236592217
2010-03-09,37518.83725404823
2010-03-11,40694.9452515616
2010-03-12,41601.919407001245
2010-04-01,38486.9557345737
2010-04-02,36112.5177770744
2010-04-03,38147.26503965248
2010-04-05,39866.09995595382
2010-04-06,36173.66210216021
2010-04-08,38289.93513151938
2010-04-10,38622.832012542174
2010-04-11,41479.63075682959
2010-05-01,38605.84747779611
2010-05-02,36217.82189249997
2010-05-03,38680.57943067878
2010-05-04,40334.8731149451
2010-05-05,39604.53812086448
2010-05-08,38242.378434230406
2010-05-10,39431.29586645466
2010-05-11,41639.28538344256
2010-06-01,38626.228919491376
2010-06-04,40402.811253929336
2010-06-05,38323.9042010115
2010-06-07,34923.60034485013
2010-06-08,34913.123264746675
2010-06-10,36097.9631057329
2010-06-12,38061.567822949924
2010-07-01,35528.48661880626
2010-07-04,36798.13911424928
2010-07-05,34570.02346048163
2010-07-06,32690.43986428657
2010-07-07,32995.405414662586
2010-07-09,33975.651826585505
2010-07-10,33965.45913103753
2010-07-12,35882.15893713655
2010-08-01,33571.7208555494
2010-08-02,30982.740111841966
2010-08-03,33381.13903409868
2010-08-04,34785.58045678936
2010-08-06,31138.137597024863
2010-08-07,31378.563894855
2010-08-09,32220.055937260477
2010-08-10,34163.99051605779
2010-08-11,35864.566769002646
2010-08-12,36014.1001981409
2010-09-02,31387.35997892196
2010-09-03,33439.77959454506
2010-09-04,35020.14269857486
2010-09-06,30953.41983161879
2010-09-07,31607.262080595865
2010-09-08,33067.41203571059
2010-09-09,32375.453422443374
2010-09-11,35577.22802281542
2010-09-12,36151.90551518989
2010-10-02,31316.991306386306
2010-10-03,33589.313023683324
2010-10-05,34002.72897483026
2010-10-06,31865.28054655991
2010-10-08,32870.96615821524
2010-10-09,32530.850907626267
2010-10-11,35732.625507998324
2010-10-12,36368.87558884149
2010-11-01,33630.361415995794
2010-11-02,31621.922220707467
2010-11-03,33724.18631271
2010-11-05,33888.379881959845
2010-11-06,32006.01789163122
2010-11-08,31944.445303162534
2010-11-10,34166.922544080124
2010-11-11,35580.16005083775
2010-12-01,33313.70238958538
2010-12-02,31533.961380037905
2010-12-03,33718.32225666536
2010-12-04,35081.71528704356
2010-12-05,34354.57233750852
2010-12-07,31630.718304774426
2010-12-08,31771.45564984572
2010-12-10,34298.86380508447
2010-12-11,35160.880043646175
2011-01-02,38339.19841983967
2011-01-03,38301.08205554953
2011-01-04,39066.34136937472
2011-01-06,38541.508353379664
2011-01-07,39280.37941500399
2011-01-08,37732.26861921971
2011-01-09,35313.34550080676
2011-01-11,35720.89739590906
2011-01-12,36492.020765778885
2011-02-02,38233.6454110362
2011-02-03,38362.654644018236
2011-02-05,39910.76543980252
2011-02-06,38494.59590502258
2011-02-08,36767.631399876846
2011-02-09,34422.00898202186
2011-02-11,36295.57488828353
2011-02-12,36483.22468171193
2011-03-01,37292.4644158719
2011-03-02,38324.53827972809
2011-03-03,39025.292977062265
2011-03-05,39775.89215077586
2011-03-06,38122.2283461881
2011-03-08,36952.349165282925
2011-03-10,32228.85202132746
2011-03-11,36978.7374174838
2011-04-01,37242.619939492484
2011-04-02,38435.95534457621
2011-04-03,38737.95423087503
2011-04-04,39081.00150948633
2011-04-05,39503.21354470021
2011-04-08,35187.26829584704
2011-04-10,32955.9949708625
2011-04-11,36744.17517569829
2011-05-01,37430.26973292087
2011-05-04,39072.20542541936
2011-05-05,39145.50612597733
2011-05-07,39227.602910602254
2011-05-08,35166.74409969082
2011-05-10,33542.40057532624
2011-05-12,36858.52426856871
2011-06-01,37348.17294829594
2011-06-04,39157.2342380666
2011-06-05,39295.03955511558
2011-06-06,37711.74442306347
2011-06-07,39265.71927489239
2011-06-09,34163.990516057806
2011-06-10,34158.12646001317
2011-06-12,36899.572660881175
2011-07-01,37280.736303782614
2011-07-02,38673.449614384
2011-07-03,38412.49912039763
2011-07-04,39098.593677620214
2011-07-06,37673.62805877332
2011-07-07,39676.20319801701
2011-07-09,35143.28787551225
2011-07-10,33879.58379789288
2011-07-11,36975.80538946146
2011-07-12,36972.87336143914
2011-08-02,38837.64318363384
2011-08-03,38755.54639900892
2011-08-04,38943.19619243732
2011-08-06,37518.23057359041
2011-08-07,39400.59256391903
2011-08-08,32824.05370985813
2011-08-09,32814.20649374517
2011-08-11,35294.689059048134
2011-08-12,34143.925625506
2011-09-02,36539.5052732163
2011-09-03,36514.60894893294
2011-09-05,37242.134869657886
2011-09-06,35657.06889028375
2011-09-08,32434.37802471505
2011-09-09,31928.152764286664
2011-09-11,34000.08019631324
2011-09-12,34722.07360053078
2011-10-01,35125.947305572
2011-10-02,36567.167855753374
2011-10-03,35825.81064375988
2011-10-05,37543.65701931196
2011-10-06,35159.14240461649
2011-10-08,31004.22250754851
2011-10-10,33054.01987354544
2011-10-11,34293.30357120619
2011-11-01,35255.96144349624
2011-11-02,36769.10470827399
2011-11-03,36080.306403100934
2011-11-04,36639.090570349756
2011-11-05,37125.95202300219
2011-11-07,36500.7776576644
2011-11-08,32437.144282968755
2011-11-10,33070.61742306767
2011-11-11,34959.97181034957
2011-12-01,35574.081142672534
2011-12-04,36354.16597021792
2011-12-05,37308.52506774685
2011-12-07,36337.56842069568
2011-12-08,32608.652294698586
2011-12-09,32152.219682836923
2011-12-10,33394.269638751386
2011-12-12,34204.78330708756
2012-01-02,36628.02553733492
2012-01-03,38011.154664188434
2012-01-05,38888.05853061357
2012-01-06,35352.78048237597
2012-01-08,38038.817246725506
2012-01-10,39958.600474798186
2012-01-11,39491.1028299217
2012-02-02,36666.75315288681
2012-02-03,37886.67304277161
2012-02-04,39253.20462010289
2012-02-05,38791.23949173382
2012-02-07,37773.25645436963
2012-02-08,37759.42516310109
2012-02-10,39994.56183209638
2012-02-11,39120.42422392496
2012-03-01,35327.8841580926
2012-03-02,37203.40725410598
2012-03-04,39098.2941578953
2012-03-05,38495.249858587165
2012-03-07,38008.388405934726
2012-03-08,38478.65230906493
2012-03-10,40138.40726128915
2012-03-12,38990.410086000724
2012-04-01,35333.41667460002
2012-04-04,35322.81664959764
2012-04-05,34557.28612495803
2012-04-06,32262.89031109587
2012-04-09,35460.90955880033
2012-04-10,36887.01916807659
2012-04-12,35513.91540268493
2012-05-01,32336.0888574127
2012-05-03,32326.388030755475
2012-05-04,33117.563760494115
2012-05-06,30450.345621997847
2012-05-07,32395.093483192733
2012-05-09,33243.10777589404
2012-05-10,34605.141905232726
2012-05-11,33572.36472194287
2012-05-12,33382.86432133922
2012-06-01,30267.951486416845
2012-06-02,30258.87110097092
2012-06-03,30258.87110097092
2012-06-06,29612.361511579384
2012-06-07,30504.04238440924
2012-06-08,31393.471537863265
2012-06-09,32246.87318130396
2012-06-11,32163.559564398143
2012-06-12,31837.06025490236
2012-07-02,30330.659992470104
2012-07-03,30456.756277516746
2012-07-05,30839.548571408348
2012-07-06,29610.109792203548
2012-07-08,31553.343613547404
2012-07-09,32377.472905102273
2012-07-11,31400.22669599076
2012-07-12,31931.632468687345
2012-08-02,30398.21157374509
2012-08-03,30756.234954502535
2012-08-05,30706.697128234213
2012-08-06,29851.043765417686
2012-08-08,31573.60908792991
2012-08-10,32782.78239275222
2012-08-11,31017.43440209917
2012-09-01,28837.770046292855
2012-09-02,28829.118715278968
2012-09-03,29223.480588923834
2012-09-04,29464.362732519166
2012-09-05,28876.01342603853
2012-09-07,28831.24771793675
2012-09-08,29903.493011993844
2012-09-10,30728.461061298207
2012-09-11,29413.201923259985
2012-10-01,27543.700684913918
2012-10-02,28620.209379742613
2012-10-04,28611.62331692869
2012-10-05,28590.404047517775
2012-10-07,28243.024322345434
2012-10-08,29598.857916351433
2012-10-09,30087.29486326042
2012-10-10,30160.981471630315
2012-10-12,29864.12970648304
2012-11-01,27211.411805166957
2012-11-04,28815.674535962877
2012-11-05,28493.55879080307
2012-11-06,27556.6861986716
2012-11-07,28243.024322345445
2012-11-09,30182.03478830744
2012-11-10,30165.192134965753
2012-11-12,30059.925551580192
2012-12-01,27274.571755198307
2012-12-03,27266.389383671747
2012-12-04,27586.336827975883
2012-12-06,26325.906044685547
2012-12-07,26536.640528958065
2012-12-09,28560.48680244318
2012-12-10,28401.441908652603
2012-12-11,27435.244178874833
2012-12-12,28399.453847480218
2013-01-02,30083.34166048797
2013-01-03,30182.744719107086
2013-01-04,31057.49163495527
2013-01-05,31465.044175293628
2013-01-07,32107.18793397309
2013-01-08,33934.216151392364
2013-01-10,33697.63687187888
2013-01-11,35021.68561268545
2013-02-01,29073.4065849178
2013-02-04,31216.536528745848
2013-02-05,31761.26528997858
2013-02-07,32089.295383421646
2013-02-08,33989.88186421906
2013-02-10,33675.76819898267
2013-02-12,35802.993653431666
2013-03-01,29013.764749746333
2013-03-04,30888.50643530278
2013-03-05,32095.259566938796
2013-03-06,32612.155471758175
2013-03-07,32115.140178662616
2013-03-09,32600.22710472388
2013-03-10,33373.582900780566
2013-03-12,35689.67416660587
2013-04-01,29154.917092985466
2013-04-02,29735.43095532108
2013-04-03,30321.90900117384
2013-04-04,31013.754289162855
2013-04-06,32433.22996624377
2013-04-09,32864.63924065071
2013-04-10,33608.174119121664
2013-04-11,35146.93346654552
2013-04-12,35641.96069846869
2013-05-02,30045.5684982127
2013-05-03,30612.16593234164
2013-05-04,30880.554190613242
2013-05-06,31985.916202457764
2013-05-07,32443.170272105683
2013-05-08,33938.19227373712
2013-05-09,32904.40046409836
2013-05-11,35049.51846909879
2013-05-12,35486.89192702288
2013-06-02,30061.47298759176
2013-06-03,30645.962972272133
2013-06-05,32156.889463282627
2013-06-06,32258.280583074124
2013-06-08,33745.35034001604
2013-06-09,32906.38852527073
2013-06-11,35198.62305702745
2013-06-12,35886.49222267171
2013-07-01,29063.466279055883
2013-07-02,30007.795335937444
2013-07-03,30701.628685098844
2013-07-05,32325.874662935126
2013-07-06,32671.797306929635
2013-07-08,33616.12636381119
2013-07-10,33321.89331029862
2013-07-11,34735.404803862395
2013-08-01,28970.027403953918
2013-08-02,30176.780535589936
2013-08-03,30838.804905993224
2013-08-04,31075.384185506704
2013-08-05,32459.074761484742
2013-08-07,32614.143532930557
2013-08-08,33747.338401188426
2013-08-10,32912.35270878788
2013-08-11,35200.611118199835
2013-09-01,29045.57372850444
2013-09-04,31184.72754998772
2013-09-05,32339.7910911418
2013-09-07,32848.73475127165
2013-09-08,33626.06666967311
2013-09-09,33234.41861871381
2013-09-10,32930.24525933933
2013-09-12,35952.098241360334
2013-10-01,29266.24851863887
2013-10-04,31564.447233912735
2013-10-05,32478.955373208562
2013-10-06,32659.868939895343
2013-10-07,32854.6989347888
2013-10-09,33478.950142916816
2013-10-10,33649.92340374169
2013-10-12,35836.79069336215
2013-11-01,29264.260457466484
2013-11-02,30158.88798503849
2013-11-03,30938.207964612324
2013-11-04,31677.766720738517
2013-11-06,32327.862724107505
2013-11-07,33300.02463740242
2013-11-09,33580.341262708316
2013-11-10,33860.65788801421
2013-11-11,35226.455913440805
2013-11-12,35431.22621419618
2013-12-02,30206.601453175663
2013-12-03,30864.649701234182
2013-12-04,31586.31590680893
2013-12-06,32057.48640466352
2013-12-07,33403.40381836629
2013-12-08,33588.293507397844
2013-12-09,33467.021775882524
2013-12-11,35142.957344200746
2013-12-12,35298.026115646564
2014-01-04,37484.893405267016
2014-01-05,37449.10830416414
2014-01-07,39230.41111461861
2014-01-08,38274.15369070276
2014-01-10,38691.64653690303
2014-01-12,40822.84811369679
2014-02-01,36421.28067804252
2014-02-04,37592.24870857565
2014-02-05,37397.41871368219
2014-02-06,38270.17756835799
2014-02-07,39256.255909859574
2014-02-09,39806.94885460945
2014-02-10,38691.64653690302
2014-02-12,41085.27218845123
2014-03-01,36409.35231100822
2014-03-02,34630.03756172612
2014-03-03,36693.64505865888
2014-03-04,37550.499423955625
2014-03-06,38254.27307897894
2014-03-07,39470.96651647687
2014-03-09,39775.13987585135
2014-03-10,39123.05581130998
2014-03-11,40115.098336328716
2014-03-12,41238.35289872468
2014-04-02,34894.44969765298
2014-04-03,37254.27830927069
2014-04-04,37079.32892610105
2014-04-06,38327.8313423571
2014-04-08,38548.50613249152
2014-04-09,39715.4980406799
2014-04-11,40001.77884950293
2014-04-12,41190.639430587515
2014-05-02,34822.87949544722
2014-05-03,37252.29024809831
2014-05-05,37468.988915887974
2014-05-06,38578.32705007726
2014-05-08,38174.75063208368
2014-05-09,39914.30415791813
2014-05-11,40230.405884326894
2014-05-12,41260.221571620896
2014-06-01,36317.90149707866
2014-06-02,35256.276831026546
2014-06-03,35245.699947977235
2014-06-05,35060.493840807874
2014-06-06,36594.167528656035
2014-06-08,36046.02466837248
2014-06-10,36883.25657140832
2014-06-11,38129.718418080505
2014-07-01,34501.08777106644
2014-07-02,33733.3123263542
2014-07-03,35253.84560316816
2014-07-04,34634.369082984704
2014-07-05,35257.6000063208
2014-07-07,37125.41557475276
2014-07-08,35847.04130128324
2014-07-10,36325.727703243196
2014-07-11,38142.858829114695
2014-08-01,34493.57896476118
2014-08-04,34765.77319332664
2014-08-05,35208.792765336635
2014-08-07,36862.60735406886
2014-08-08,36260.02564807222
2014-08-09,37572.189549915376
2014-08-10,36960.22183603716
2014-08-12,38675.98407678773
2014-09-01,34504.842174219055
2014-09-04,35144.96791174197
2014-09-05,35263.23161104973
2014-09-06,36629.83435860598
2014-09-07,37033.43269751339
2014-09-09,37326.276143418305
2014-09-10,36196.20079447756
2014-09-12,38666.59806890617
2014-10-01,34585.56184200055
2014-10-02,33785.87397049098
2014-10-03,35238.82799055766
2014-10-04,34410.982095403386
2014-10-06,36620.448350724415
2014-10-07,36881.379369832
2014-10-09,37463.31185848919
2014-10-10,35781.339246112264
2014-10-11,38262.99972999875
2014-10-12,38033.9811376885
2014-11-02,34161.31428575368
2014-11-03,35058.61663923154
2014-11-04,34084.34902112482
2014-11-06,36490.92144195877
2014-11-07,36935.81821554508
2014-11-08,36359.51733161682
2014-11-09,37497.101486862826
2014-11-11,38289.280552067146
2014-11-12,38206.68368270935
2014-12-02,34151.92827787211
2014-12-03,35069.87984868943
2014-12-05,35604.88229793879
2014-12-06,36231.867624427505
2014-12-08,36301.32408275111
2014-12-09,37271.8372977052
2014-12-11,38261.122528422435
2014-12-12,37587.207162525876
2015-01-04,38664.720867329845
2015-01-05,39577.04083341823
2015-01-06,39640.86568701289
2015-01-07,38996.985546337346
2015-01-09,35925.883767488405
2015-01-10,36113.60392511976
2015-01-12,39470.040343568355
2015-02-01,38636.56284368514
2015-02-02,37934.489454143884
2015-02-03,39747.86617686276
2015-02-04,38801.75658240074
2015-02-06,39601.4444539103
2015-02-07,38985.722336879466
2015-02-09,36584.78152077446
2015-02-10,36631.711560182295
2015-02-11,39498.19836721305
2015-02-12,39036.40677943992
2015-03-02,38482.632314427436
2015-03-03,39567.65482553666
2015-03-06,39685.918524844405
2015-03-08,39383.689071057925
2015-03-09,36626.079955453344
2015-03-11,39605.198857062926
2015-03-12,38475.123508122175
2015-04-02,38323.07018044078
2015-04-03,39393.07507893949
2015-04-05,39693.42733114966
2015-04-06,39342.39063637903
2015-04-08,39295.46059697119
2015-04-09,36064.796684135596
2015-04-11,36053.97724513036
2015-04-12,35861.37341042212
2015-05-01,34642.39188846342
2015-05-02,35360.750900700696
2015-05-03,35350.142675430485
2015-05-05,35146.0456570127
2015-05-06,35201.55269250834
2015-05-08,35319.294889014236
2015-05-10,33421.96349389051
2015-05-11,35320.97692039289
2015-06-01,33684.360388960806
2015-06-02,34574.15498826972
2015-06-03,34839.91594609734
2015-06-04,34996.34486431231
2015-06-05,34989.6167387977
2015-06-07,34797.865161630936
2015-06-08,35046.80580567198
2015-06-10,33302.539266005944
2015-06-11,35309.20270074229
2015-07-01,34076.2737001876
2015-07-04,34924.017515030115
2015-07-05,35120.81518633284
2015-07-07,35008.119083962905
2015-07-08,34945.883922952635
2015-07-10,33569.982255212206
2015-07-12,34937.47376605937
2015-08-01,34685.169059260996
2015-08-04,35018.21127223485
2015-08-05,35593.46600373513
2015-08-06,34974.4784563898
2015-08-07,34426.13622694801
2015-08-09,33125.92597124709
2015-08-10,33866.01977785563
2015-08-12,34710.399529940834
2015-09-01,34394.17763075355
2015-09-02,34426.136226948016
2015-09-03,34976.160487768466
2015-09-04,35174.64019044984
2015-09-06,34989.616738797704
2015-09-07,34503.509670366184
2015-09-09,32665.049373495407
2015-09-10,33891.25024853548
2015-09-11,34962.70423673922
2015-09-12,34441.27450935592
2015-10-02,34794.50109887363
2015-10-03,34384.08544248162
2015-10-04,35357.98161072333
2015-10-06,35410.12458346166
2015-10-07,34929.06360916611
2015-10-08,35393.3042696751
2015-10-09,32838.29860549696
2015-10-11,32828.44711591532
2015-10-12,32353.383041635705
2015-11-02,32610.356116179446
2015-11-03,32164.20041006976
2015-11-05,32154.551149946743
2015-11-06,32199.888104860067
2015-11-08,31821.227559077644
2015-11-09,29941.66654352059
2015-11-11,31682.283568488136
2015-11-12,30726.471061795433
2015-12-01,30969.24133106722
2015-12-02,31888.40926881324
2015-12-03,31543.33957789862
2015-12-05,32050.256114994423
2015-12-06,31973.913263022165
2015-12-08,31851.76469986655
2015-12-10,30804.34077080713
2015-12-11,31239.49502704902
2016-01-02,29611.86542300043
2016-01-03,29602.98186337353
2016-01-04,31008.184670016963
2016-01-06,31404.61312126911
2016-01-07,31458.467552382604
2016-01-08,32474.221961439995
2016-01-09,32475.717917859813
2016-01-11,31590.11171732671
2016-01-12,32777.901114663335
2016-02-02,28468.05066916358
2016-02-03,28459.510253962828
2016-02-05,28459.510253962828
2016-02-06,28777.763164348602
2016-02-08,29484.460716049933
2016-02-09,29798.85227676813
2016-02-11,28676.611096987097
2016-02-12,29961.51573644407
2016-03-02,26142.341733632595
2016-03-03,26134.499031112508
2016-03-05,27044.394676275195
2016-03-06,27512.304383526825
2016-03-08,28360.308810954866
2016-03-10,28326.23135328387
2016-03-11,27375.994552842876
2016-04-01,27367.781754477026
2016-04-02,27367.781754477026
2016-04-03,28566.868500740722
2016-04-04,29511.0035046902
2016-04-05,29502.150203638797
2016-04-08,29502.150203638797
2016-04-10,29306.542577804285
2016-04-11,28416.648492554054
2016-05-01,27483.145508792328
2016-05-02,27474.90056513969
2016-05-04,27474.90056513969
2016-05-05,27539.20086000621
2016-05-07,28049.53424178727
2016-05-08,28041.119381514738
2016-05-10,27734.68424591507
2016-05-12,28312.570429674935
2016-06-01,25559.263811939047
2016-06-04,25551.596032795464
2016-06-05,25551.596032795464
2016-06-06,26193.55792869527
2016-06-07,26185.699861316665
2016-06-09,27260.341054707456
2016-06-10,26939.924514526356
2016-06-12,27580.757594888557
2016-07-01,24225.73460022961
2016-07-03,24218.46687984954
2016-07-04,24218.46687984954
2016-07-06,25043.826039802938
2016-07-07,24875.452227121157
2016-07-09,25922.45276654381
2016-07-10,25537.09016709606
2016-07-11,25273.85786839637
2016-07-12,26575.79058899216
2016-08-01,22789.751265802402
2016-08-02,22782.914340422663
2016-08-03,22782.914340422663
2016-08-04,22782.914340422663
2016-08-06,22782.914340422663
2016-08-07,22892.19266270238
2016-08-08,23440.341320290914
2016-08-09,23444.640525448478
2016-08-11,22996.44838777314
2016-08-12,24142.186562262115
2016-09-02,19907.46948206834
2016-09-03,19901.497241223722
2016-09-05,20589.823232277024
2016-09-06,20583.64628530734
2016-09-08,21221.591911860105
2016-09-09,20697.30176928814
2016-09-11,21042.613458737207
2016-09-12,21978.359501694962
2016-10-02,18013.597681429033
2016-10-03,18008.193602124607
2016-10-05,18008.193602124607
2016-10-06,18103.873405195787
2016-10-08,18789.645815086802
2016-10-10,18687.73001613574
2016-10-11,18720.550358170833
2016-11-01,16614.866308656623
2016-11-02,16609.881848764027
2016-11-03,16609.881848764027
2016-11-04,16609.881848764027
2016-11-05,16609.881848764027
2016-11-07,17189.80487132741
2016-11-08,17580.701613207682
2016-11-10,17185.78329990889
2016-11-11,17408.57835649497
2016-12-01,15593.241018174462
2016-12-02,15588.563045869008
2016-12-04,15588.563045869008
2016-12-05,15588.563045869008
2016-12-07,16248.482934508891
2016-12-08,16490.084836792375
2016-12-09,16300.578344688767
2016-12-10,16151.087167650861
2016-12-12,17040.484170431937
2017-01-02,17211.115513919645
2017-01-03,18089.942433475815
2017-01-05,18031.806975738855
2017-01-06,18347.399460596655
2017-01-08,18696.212207018434
2017-01-09,18698.47722485234
2017-01-11,19474.62333593803
2017-01-12,19948.767069169364
2017-02-02,17220.175585255278
2017-02-03,17983.486595282153
2017-02-05,18053.70214813329
2017-02-06,18415.34999561388
2017-02-08,18706.027284298692
2017-02-10,19094.855345786174
2017-02-11,19477.643359716567
2017-03-01,17046.52421798902
2017-03-02,17345.506572064827
2017-03-03,17992.546666617778
2017-03-04,17809.08022207126
2017-03-05,18030.296963849574
2017-03-07,18339.09439520565
2017-03-08,18665.256963288357
2017-03-10,19136.380672741147
2017-03-11,19538.04383528744
2017-04-01,17144.67499079169
2017-04-04,17819.650305296167
2017-04-05,18040.86704707448
2017-04-08,18699.987236741614
2017-04-10,19159.785857024868
2017-04-12,19927.626902719567
2017-05-01,17131.084883788244
2017-05-04,17764.534871337753
2017-05-05,18114.857629648806
2017-05-06,18392.699817274814
2017-05-07,18365.519603267923
2017-05-09,18556.536107260807
2017-05-10,19268.506713052448
2017-05-12,19853.63632014526
2017-06-01,17191.485359359125
2017-06-02,17309.266286722323
2017-06-03,17933.656202936203
2017-06-04,17799.265144791014
2017-06-06,18341.359413039583
2017-06-07,18194.133253835585
2017-06-09,18614.671564997774
2017-06-10,19247.366546602643
2017-06-11,19562.959031460443
2017-06-12,19851.371302311352
2017-07-02,17313.041316445506
2017-07-03,17881.56079275633
2017-07-04,17784.1650258983
2017-07-06,18370.049638935743
2017-07-07,18310.40416930951
2017-07-08,18730.942480471702
2017-07-09,18611.65154121923
2017-07-11,19559.18400173727
2017-07-12,19909.506760048316
2017-08-02,17325.121411559678
2017-08-03,17840.79047174599
2017-08-05,18115.61263559345
2017-08-06,18375.334680548196
2017-08-08,18685.642123793546
2017-08-09,18583.716321267704
2017-08-11,19587.874227633434
2017-08-12,20018.98262202053
2017-09-01,17130.329877843626
2017-09-02,17424.782196251625
2017-09-03,17855.135584694082
2017-09-05,18096.737486977563
2017-09-06,18360.23456165549
2017-09-08,18678.847070291828
2017-09-10,19212.6362731494
2017-09-11,19513.88364505912
2017-10-01,17130.329877843626
2017-10-02,17486.69268371176
2017-10-03,17913.27104243104
2017-10-04,17797.00012695711
2017-10-05,18117.12264748273
2017-10-07,18327.01430009151
2017-10-08,18408.55494211218
2017-10-10,19257.18162388292
2017-10-11,19496.518508332498
2017-11-01,17178.650258300328
2017-11-04,17771.329924839498
2017-11-05,18077.862338361665
2017-11-07,18312.66918714343
2017-11-08,18431.9601263959
2017-11-09,18785.302908485497
2017-11-10,19291.911897336176
2017-11-12,20083.158127314586
2017-12-01,17141.65496701317
2017-12-04,17704.134395766905
2017-12-05,18051.437130299415
2017-12-06,18342.11441898423
2017-12-07,18446.30523934398
2017-12-09,18848.723407834907
2017-12-10,19259.446641716826
2017-12-12,20114.113371044652
2018-01-02,21306.267757624715
2018-01-03,20216.79417951513
2018-01-05,20043.89781819352
2018-01-06,20646.392562012952
2018-01-08,21241.337246386036
2018-01-10,22080.90385682114
2018-01-11,20690.182906801838
2018-02-01,20353.450255494234
2018-02-02,20854.019196787827
2018-02-03,20318.719982040984
2018-02-04,19493.498484553962
2018-02-05,19899.691682768065
2018-02-07,20586.747092386722
2018-02-08,21345.528066745792
2018-02-10,22071.843785485515
2018-02-11,20559.566878379832
2018-03-01,20484.066283916243
2018-03-04,19738.875416560626
2018-03-05,19854.391326089917
2018-03-07,20484.821289860884
2018-03-08,21444.433845493095
2018-03-10,22087.698910322873
2018-03-12,21067.685879119792
2018-04-01,20566.361931881565
2018-04-04,19967.642217785306
2018-04-05,20108.828329432217
2018-04-06,20739.258293203187
2018-04-09,21870.257198267744
2018-04-10,21907.252489554903
2018-04-12,20385.915511113595
2018-05-01,20711.32307325166
2018-05-02,19999.35246746002
2018-05-03,20542.95674759786
2018-05-04,20104.29829376441
2018-05-06,20753.60340615127
2018-05-07,20661.49268090569
2018-05-09,21809.101716752233
2018-05-10,21786.45153841316
2018-05-11,20674.327781964497
2018-06-02,20348.16521388179
2018-06-03,20597.317175611635
2018-06-04,19664.129828041678
2018-06-06,20931.029803140696
2018-06-07,20836.654060061206
2018-06-08,21520.689445901324
2018-06-09,21729.82609256546
2018-06-11,20803.43379849723
2018-06-12,20354.205261438878
2018-07-02,20246.99441730058
2018-07-03,20587.502098331363
2018-07-05,20178.288876338713
2018-07-06,20916.684690192615
2018-07-08,21581.089921472194
2018-07-09,21681.50571210876
2018-07-11,21245.11227610922
2018-07-12,19880.061528207534
2018-08-01,20745.298340760262
2018-08-02,19486.70343105224
2018-08-03,20679.612823576943
2018-08-05,20173.00383472626
2018-08-06,20981.615201431294
2018-08-08,21575.804879859737
2018-08-10,21777.39146707752
2018-08-11,21191.506854040075
2018-09-01,20772.47855476716
2018-09-02,19778.135725681692
2018-09-03,21038.99565322362
2018-09-04,19729.815345224994
2018-09-05,20368.55037438696
2018-09-07,21020.875510552363
2018-09-08,21544.849636129667
2018-09-10,21746.436223347453
2018-09-11,20996.715320324016
2018-10-01,20749.073370483446
2018-10-04,20059.752943030882
2018-10-05,20559.56687837984
2018-10-07,21093.356081237413
2018-10-08,21391.58342936859
2018-10-09,21722.276033119106
2018-10-10,21032.200599721902
2018-10-12,19914.791801660795
2018-11-01,20895.544523742814
2018-11-04,19948.767069169407
2018-11-05,20594.29715183309
2018-11-06,21004.26537977038
2018-11-07,20943.86490419951
2018-11-09,21803.816675139784
2018-11-10,20599.58219344554
2018-11-12,19907.996748159072
2018-12-01,21035.97562944508
2018-12-02,20052.957889529156
2018-12-03,21011.81543921673
2018-12-04,20113.358365100026
2018-12-06,21040.505665112894
2018-12-07,21127.33134874602
2018-12-09,21811.366734586132
2018-12-10,20891.76949401962
2018-12-11,20582.97206266354
2018-12-12,20015.96259824199
2019-01-02,20434.23589157027
2019-01-03,21168.101669756346
2019-01-04,21647.53044460014
2019-01-05,22074.108803319414
2019-01-07,22380.641216841585
2019-01-08,22299.855580765547
2019-01-10,22198.684784184337
2019-01-11,23155.27731603801
2019-02-01,18950.649210360752
2019-02-04,21647.53044460014
2019-02-05,22027.298434751992
2019-02-07,22446.32673402491
2019-02-08,22137.52930266883
2019-02-10,21801.55165730586
2019-02-12,23510.13011001687
2019-03-01,18481.79051874187
2019-03-04,21694.340813167568
2019-03-05,22239.45510519468
2019-03-06,20720.383144587275
2019-03-07,22618.468089401897
2019-03-09,21942.73776895278
2019-03-10,21975.203024572118
2019-03-12,23353.84387947725
2019-04-01,19115.99551223602
2019-04-02,19110.26071358235
2019-04-03,19110.26071358235
2019-04-04,19110.26071358235
2019-04-06,19110.26071358235
2019-04-09,20021.4220333909
2019-04-10,20118.1965561202
2019-04-11,20978.944599832255
2019-04-12,21214.06579942106
2019-05-02,18657.719075775836
2019-05-03,19012.104651967653
2019-05-04,19714.060697116834
2019-05-06,19260.85606602537
2019-05-07,19255.077809205566
2019-05-08,18311.144237708293
2019-05-09,19156.313583653773
2019-05-11,19790.995209778863
2019-05-12,20066.495956210445
2019-06-02,17583.127078329522
2019-06-03,17577.852140206025
2019-06-05,17577.852140206025
2019-06-06,17039.09921406837
2019-06-08,17268.60422546236
2019-06-09,17849.257896587107
2019-06-11,18437.10232524901
2019-06-12,18851.170113429816
2019-07-01,15278.562077056486
2019-07-02,15273.978508433369
2019-07-03,15510.971378685192
2019-07-05,16273.852287557193
2019-07-06,16212.912096611793
2019-07-08,16273.288026529917
2019-07-10,16582.50306947508
2019-07-11,17408.581213401558
2019-08-01,14526.335886095223
2019-08-02,14521.977985329395
2019-08-03,14521.977985329395
2019-08-04,15326.015558518973
2019-08-05,15239.218592167805
2019-08-07,15749.944644173152
2019-08-08,15549.888221729607
2019-08-10,15311.72581405872
2019-08-11,16370.225403707107
2019-09-01,13681.107196205385
2019-09-04,13677.002864046523
2019-09-05,13637.26029356034
2019-09-07,14154.589741419302
2019-09-08,13865.284292616632
2019-09-09,14148.889141442894
2019-09-10,13868.609642602869
2019-09-12,14897.567938344384
2019-10-01,12335.148248949306
2019-10-04,12331.447704474624
2019-10-05,12298.71501609832
2019-10-06,12321.337071205326
2019-10-07,12775.485498259139
2019-10-09,12717.009619963676
2019-10-10,12540.728322620416
2019-10-12,13370.488230696184
2019-11-01,11081.819183832884
2019-11-02,11078.494638077736
2019-11-03,11078.494638077736
2019-11-04,11078.494638077736
2019-11-06,11065.198411619973
2019-11-07,11503.097589846057
2019-11-09,11506.932083525795
2019-11-10,11389.596576925813
2019-11-11,11837.081989351238
2019-11-12,12046.445344264932
2019-12-02,10524.534802776916
2019-12-03,10521.377442336085
2019-12-04,10955.057011753128
2019-12-06,10851.060460358622
2019-12-07,11355.971253360933
2019-12-08,10866.132424328838
2019-12-09,11340.145691192203
2019-12-11,11649.874550780189
2019-12-12,11939.25625900838
2020-01-04,9308.821747106042
2020-01-05,9306.029100581909
2020-01-06,10042.93296699602
2020-01-07,10240.787653193345
2020-01-09,11590.932256014945
2020-01-10,11111.414004915454
2020-01-12,12036.926955632502
2020-02-01,10707.159413515607
2020-02-03,10156.321449949637
2020-02-04,8304.966886246115
2020-02-06,8302.475396180242
2020-02-07,8432.574172352632
2020-02-09,9647.08038222374
2020-02-10,9020.96848520944
2020-02-11,8918.05336272258
2020-02-12,9884.701162415911
2020-03-01,8714.91723090297
2020-03-02,8752.904226375867
2020-03-03,8091.499447042777
2020-03-04,6704.83940662428
2020-03-06,6702.827954802291
2020-03-08,7069.344936266167
2020-03-09,7413.735715805631
2020-03-11,7229.416912301333
2020-03-12,7867.773653192241
2020-04-02,7075.782147098681
2020-04-03,6716.3712089500195
2020-04-05,6099.68641119524
2020-04-06,6678.177091343773
2020-04-08,7094.879205901803
2020-04-09,7353.440507674424
2020-04-11,7388.630593558831
2020-04-12,7937.295530183385
2020-05-02,7155.38898772743
2020-05-03,6488.493945479047
2020-05-05,6154.831850660439
2020-05-06,6152.98540110524
2020-05-08,6409.095216436409
2020-05-10,6564.710005031895
2020-05-11,6760.7692312574
2020-06-01,6252.132279919922
2020-06-02,6443.761877262137
2020-06-03,5724.621257688439
2020-06-04,5130.088024527215
2020-06-05,5128.548998119856
2020-06-07,5723.516641494113
2020-06-08,6028.619660877468
2020-06-10,6049.679869295081
2020-06-11,6316.982514595541
2020-07-01,5827.017665768702
2020-07-02,5989.919277887838
2020-07-04,4786.96737314509
2020-07-05,4785.531282933148
2020-07-07,5222.752714976369
2020-07-08,5564.814540330114
2020-07-10,5677.89420201259
2020-07-12,6130.544947602059
2020-08-01,5401.754000282843
2020-08-04,4566.359319042703
2020-08-05,4564.98941124699
2020-08-06,4564.98941124699
2020-08-07,4475.353660803106
2020-08-09,4703.928618273066
2020-08-10,4866.288841306082
2020-08-12,5226.869719242014
2020-09-01,4623.313237967107
2020-09-03,3877.726857238971
2020-09-04,3876.5635391817996
2020-09-06,3876.5635391817996
2020-09-07,3808.800841070121
2020-09-09,4107.139386059243
2020-09-10,4201.5105499460415
2020-09-11,4290.202527273711
2020-09-12,4437.982211567635
2020-10-01,3945.5846535155188
2020-10-02,4050.4683542245334
2020-10-03,3482.670532068241
2020-10-06,3854.7176685694594
2020-10-07,3848.5551469840225
2020-10-08,4060.6183897770193
2020-10-09,4034.880799626074
2020-10-11,4284.16083944485
2020-10-12,4432.303025008507
2020-11-02,4057.3558783494354
2020-11-03,3312.5366028075355
2020-11-05,3311.542841826693
2020-11-06,3391.6908238921255
2020-11-08,3766.3234734383195
2020-11-09,3774.570814637618
2020-11-11,4036.339164757802
2020-11-12,4138.922532003865
2020-12-02,3817.9540888914594
2020-12-03,2802.514325887481
2020-12-05,2801.6735715897144
2020-12-06,2967.9514679908207
2020-12-08,3298.775637802706
2020-12-10,3448.963955602261
2020-12-11,3451.6964266213563
2021-01-02,3682.8829924869483
2021-01-03,3807.698365109191
2021-01-04,3922.9500891646
2021-01-06,4100.65829365647
2021-01-07,4215.714841210515
2021-01-09,4414.990049103104
2021-01-10,4251.920082213528
2021-01-11,4502.429121714151
2021-01-12,4404.1577532774045
2021-02-02,3734.019235844301
2021-02-03,3776.9580661443697
2021-02-06,4106.611176948072
2021-02-07,4247.333434431475
2021-02-08,4281.391733919483
2021-02-09,4427.481345190396
2021-02-11,4518.921536079403
2021-02-12,4466.711821964549
2021-03-02,3737.825177620897
2021-03-03,3727.5784112992906
2021-03-05,4091.582586343047
2021-03-06,4091.777762844411
2021-03-08,4316.425915914311
2021-03-09,4426.017521430165
2021-03-11,4548.198011283996
2021-03-12,4428.945168950626
2021-04-01,3611.4483929877447
2021-04-02,3778.324301653917
2021-04-03,3677.6132269501213
2021-04-05,4064.2578761520954
2021-04-06,4127.885415596741
2021-04-08,4296.51791277519
2021-04-10,4196.782720578215
2021-04-11,4567.227720166981
2021-05-01,3637.0165146664226
2021-05-02,3793.0601275068952
2021-05-03,3749.24300295069
2021-05-04,3979.551274560144
2021-05-05,4067.0879354218728
2021-05-08,4322.28121095523
2021-05-10,4240.892609886464
2021-05-11,4584.208075785643
2021-06-01,3657.7052238109995
2021-06-04,3975.647744532865
2021-06-05,4100.267940653744
2021-06-07,4238.745668371463
2021-06-08,4329.502741505696
2021-06-10,4258.3609067585385
2021-06-12,4480.9597065641165
2021-07-01,3712.0618794408583
2021-07-04,3981.5030395737836
2021-07-05,4130.520298365155
2021-07-06,4124.567415073556
2021-07-07,4252.993552971031
2021-07-09,4410.988930825144
2021-07-10,4293.687853505413
2021-07-12,4573.766132962673
2021-08-01,3732.4578238333897
2021-08-02,3821.1655437033023
2021-08-03,3729.1398233102027
2021-08-04,3998.385806941764
2021-08-06,4125.34812107901
2021-08-07,4216.593135466654
2021-08-09,4405.2312240349065
2021-08-10,4285.392852197445
2021-08-11,4588.306782314286
2021-08-12,4587.8188410608755
2021-09-02,3816.871660673295
2021-09-03,3781.93506692915
2021-09-04,4029.223694157268
2021-09-06,4117.833825776499
2021-09-07,4264.216201799457
2021-09-08,4325.501623227735
2021-09-09,4384.932867893056
2021-09-11,4572.2047209517605
2021-09-12,4554.834012330369
2021-10-02,3815.6030134144307
2021-10-03,3804.7707175887313
2021-10-05,4087.3862915637224
2021-10-06,4136.961122910164
2021-10-08,4329.795506257741
2021-10-09,4351.069744906411
2021-10-11,4534.6332444392
2021-10-12,4598.3583721345285
2021-11-01,3707.9631729122148
2021-11-02,3821.946249708758
2021-11-03,3844.2939591149297
2021-11-05,4051.9617565661665
2021-11-06,4144.963359466085
2021-11-08,4340.432625582075
2021-11-10,4256.01878874217
2021-11-11,4537.170538956931
2021-12-01,3709.524584923125
2021-12-02,3839.9024878342407
2021-12-03,3848.1974891422083
2021-12-04,4028.442988151811
2021-12-05,3965.0106252085297
2021-12-07,4278.854439401752
2021-12-08,4353.216686421415
2021-12-10,4245.674434169881
2021-12-11,4569.960191186075
2022-01-02,4436.849817255865
2022-01-03,4202.403803817495
2022-01-04,4436.2252524515
2022-01-06,4002.318613444246
2022-01-07,3733.0726298126856
2022-01-08,4019.2989690629097
2022-01-09,3871.179522177812
2022-01-11,3763.100534547528
2022-01-12,3978.2533508260717
2022-02-02,4478.715176798429
2022-02-03,4280.747651464981
2022-02-05,4055.162651188533
2022-02-06,4076.0855721347475
2022-02-08,3992.5207530757757
2022-02-09,3829.61668621236
2022-02-11,3669.0157020650386
2022-02-12,3973.5008030178597
2022-03-01,4680.918032211476
2022-03-02,4369.41633603462
2022-03-03,4258.2535596827865
2022-03-05,4074.77788957561
2022-03-06,4009.4523145690982
2022-03-08,4054.9577158621023
2022-03-10,3589.7154895608683
2022-03-11,3588.638574914
2022-04-01,3588.638574914
2022-04-02,3368.208462438261
2022-04-03,3239.7592638140463
2022-04-04,3238.7873360349017
2022-04-05,3038.179625691288
2022-04-08,2933.451355433084
2022-04-10,2678.388595897807
2022-04-11,2677.5850793190375
2022-05-01,2677.5850793190375
2022-05-04,2576.8237921118593
2022-05-05,2576.050744974226
2022-05-07,2576.050744974226
2022-05-08,2576.050744974226
2022-05-10,2350.3670028418055
2022-05-12,2349.661892740953
2022-06-01,2349.661892740953
2022-06-04,2241.4082145805605
2022-06-05,2062.436684223606
2022-06-06,2061.817953218339
2022-06-07,2061.817953218339
2022-06-09,2061.817953218339
2022-06-10,1974.8531082913464
2022-06-12,1974.260652358859
2022-07-01,2342.21613106488
2022-07-02,2245.512702604621
2022-07-03,2103.882994666529
2022-07-04,2103.2518297681295
2022-07-06,1943.9355720298852
2022-07-07,1943.3523913582762
2022-07-09,1981.2368695958596
2022-07-10,1811.8754091950912
2022-07-11,1811.3318465723326
2022-07-12,1811.3318465723326
2022-08-02,1811.3318465723326
2022-08-03,1670.2564970509666
2022-08-04,1669.7554201018513
2022-08-06,1669.7554201018513
2022-08-07,1581.4657260384179
2022-08-08,1580.9912863206064
2022-08-09,1580.9912863206064
2022-08-11,1580.9912863206064
2022-08-12,1580.9912863206064
2022-09-02,1580.9912863206064
2022-09-03,1580.9912863206064
2022-09-05,1474.582427350248
2022-09-06,1474.1400526220432
2022-09-08,1474.1400526220432
2022-09-09,1474.1400526220432
2022-09-11,1474.1400526220432
2022-09-12,1474.1400526220432
2022-10-01,1474.1400526220432
2022-10-02,1474.1400526220432
2022-10-03,1393.649593632766
2022-10-05,1309.082175128742
2022-10-06,1276.301544262807
2022-10-08,1275.918653799528
2022-10-10,1275.918653799528
2022-10-11,1275.918653799528
2022-11-01,1275.918653799528
2022-11-02,1195.820402869148
2022-11-03,1195.4616567482872
2022-11-04,1195.4616567482872
2022-11-05,1065.7772976672
2022-11-07,1043.907518702419
2022-11-08,1043.5943464468085
2022-11-10,1043.5943464468085
2022-11-11,1043.5943464468085
2022-12-01,1043.5943464468085
2022-12-04,970.6487443904036
2022-12-05,970.3575497670865
2022-12-07,970.3575497670865
2022-12-08,970.3575497670865
2022-12-09,931.5844989960959
2022-12-10,931.305023646397
2022-12-12,931.305023646397
2023-01-02,931.305023646397
2023-01-03,931.305023646397
2023-01-05,931.305023646397
2023-01-06,931.305023646397
2023-01-08,1009.5077312436096
2023-01-09,996.0615390285107
2023-01-11,934.7618133313616
2023-01-12,1013.4560061886601
2023-02-02,921.9464628113936
2023-02-03,921.6698788725503
2023-02-05,921.6698788725503
2023-02-06,921.6698788725503
2023-02-08,971.1144845430974
2023-02-10,922.7028119373183
2023-02-11,929.0264521945799
2023-03-01,822.8133941273944
2023-03-02,822.5665501091563
2023-03-03,822.5665501091563
2023-03-04,822.5665501091563
2023-03-05,822.5665501091563
2023-03-07,822.5665501091563
2023-03-08,822.5665501091563
2023-03-10,772.5406804967001
2023-03-11,772.3089182925512
2023-04-01,682.5243779646299
2023-04-04,726.3901520857318
2023-04-05,726.1722350401061
2023-04-08,800.4826899590097
2023-04-10,762.1784734163746
2023-04-12,816.8837160360434
2023-05-01,816.6386509212327
2023-05-04,816.6386509212327
2023-05-05,816.6386509212327
2023-05-06,816.6386509212327
2023-05-07,849.4563474245527
2023-05-09,859.0095364303371
2023-05-10,813.4231932121734
2023-05-12,872.4481856316356
2023-06-01,872.1864511759462
2023-06-02,872.1864511759462
2023-06-03,872.1864511759462
2023-06-04,872.1864511759462
2023-06-06,872.1864511759462
2023-06-07,897.9324979550244
2023-06-09,908.9012376418032
2023-06-10,876.9496184911161
2023-06-11,876.6865336055689
2023-06-12,876.6865336055689
2023-07-02,802.1660773648816
2023-07-03,801.9254275416722
2023-07-06,801.9254275416722
2023-07-07,826.3823461036562
2023-07-08,848.8296179607872
2023-07-09,836.1867072905649
2023-07-11,835.9358512783776
2023-07-12,835.9358512783776
2023-08-02,750.4196465059242
2023-08-03,727.4853280704335
2023-08-05,727.2670824720124
2023-08-06,754.4322271710954
2023-08-08,790.529252756585
2023-08-09,790.2920939807581
2023-08-11,790.2920939807581
2023-08-12,830.0115693343234
2023-09-01,701.6116708453985
2023-09-02,735.7558624172343
2023-09-03,706.3400492041401
2023-09-05,742.5464843300745
2023-09-06,774.9384899451063
2023-09-08,774.7060083981228
2023-09-10,774.7060083981228
2023-09-11,776.5623935119147
2023-10-01,776.3294247938612
2023-10-02,776.3294247938612
2023-10-03,732.6592315172485
2023-10-04,732.4394337477934
2023-10-05,737.3051089875271
2023-10-07,785.7544390603749
2023-10-08,796.3213789011925
2023-10-10,796.082482487522
2023-10-11,806.2553609766017
2023-11-01,806.0134843683088
2023-11-04,806.0134843683088
2023-11-05,810.0244492466392
2023-11-07,809.7814419118652
2023-11-08,814.0605408688646
2023-11-09,818.3295695002062
2023-11-10,798.1770554442662
2023-11-12,797.937602327633
2023-12-01,687.3457727642127
2023-12-04,687.1395690323834
2023-12-05,692.3288485018686
2023-12-06,728.3967359096364
2023-12-07,750.7626872214207
2023-12-09,749.0402924120017
2023-12-10,730.1896381089147
2023-12-12,729.970581217482
2024-01-02,771.0139407254987
2024-01-03,807.2985951669514
2024-01-04,824.0650631056174
2024-01-05,788.6463121072434
2024-01-07,860.4172925889072
2024-01-08,855.9526252898398
2024-01-10,897.1372560208005
2024-01-11,900.2881387855417
2024-02-01,745.3417108777111
2024-02-02,779.2518097792515
2024-02-04,818.0996012727207
2024-02-05,795.8454113318218
2024-02-07,865.7478633310534
2024-02-08,840.2186411299447
2024-02-10,897.2614055162692
2024-03-01,739.3668199692092
2024-03-04,739.1450099232185
2024-03-05,727.0521053260874
2024-03-06,749.1155240912459
2024-03-07,785.075451263147
2024-03-09,783.9283973603763
2024-03-10,808.1753303533058
2024-04-01,664.7921746405995
2024-04-03,727.5001511026949
2024-04-04,729.8056018392895
2024-04-06,750.2413099982915
2024-04-09,782.6721677462173
2024-04-10,815.4248811627818
2024-04-11,809.9831099899344
2024-05-01,666.0058682633083
2024-05-02,700.8244129979656
2024-05-03,720.0847099265636
2024-05-04,737.9058724777672
2024-05-06,759.1299143449774
2024-05-07,789.3531541366439
2024-05-08,735.3522951243806
2024-05-09,780.3100023543561
2024-05-11,819.9180997262928
2024-06-02,702.4436164058324
2024-06-03,723.7867590491029
2024-06-05,734.5597078170275
2024-06-06,758.9782026421392
2024-06-08,742.966237593946
2024-06-09,766.8416895948781
2024-06-11,840.6586491573539
2024-07-02,708.2327648421892
2024-07-03,731.2447362166846
2024-07-05,735.5465428186698
2024-07-06,758.1317364122826
2024-07-08,737.2196251490396
2024-07-10,807.6081838006387
2024-07-11,846.9057684349899
2024-08-01,675.4063223737777
2024-08-02,708.636856760965
2024-08-03,726.4707801096035
2024-08-04,737.6293885333422
2024-08-05,735.5422892195248
2024-08-07,790.1556665086695
2024-08-08,754.2070822678218
2024-08-10,815.4333883610727
2024-08-11,850.087460595456
2024-09-01,674.4081444410824
2024-09-02,712.7061332763562
2024-09-04,738.6956240523577
2024-09-05,739.2868743335138
2024-09-07,790.7412453242988
2024-09-08,757.7304802262702
2024-09-09,775.7217867432743
2024-09-10,821.2338797284825
2024-10-01,678.2292943396816
2024-10-04,731.7097963898723
2024-10-05,740.5062394217497
2024-10-06,760.0883920189867
2024-10-07,798.8131586351434
2024-10-09,779.1913057792198
2024-10-10,819.533857936861
2024-11-01,677.7741592311659
2024-11-03,725.6555069401437
2024-11-04,737.1572390282466
2024-11-06,762.1485518715527
2024-11-07,791.8131523088413
2024-11-09,787.5014206421845
2024-11-10,824.4935545399408
2024-11-11,850.9112409632064
2024-11-13,848.6469083516803
2024-11-14,843.5128141836551
2024-11-15,832.3754737556416
2024-11-18,835.6365664334813
2024-11-19,838.9487023010613
2024-11-20,838.967134564023
2024-11-21,843.4475923300985
2024-11-22,846.3726506754824
2024-11-25,848.9290637616325
2024-11-26,853.7866739852321
2024-11-27,850.5411778375907
2024-11-29,855.3108803455269
2024-12-01,678.2831732621853
2024-12-02,857.4050689912524
2024-12-03,857.7921465134483
2024-12-04,862.9829553367401
2024-12-05,861.3694233944003
2024-12-06,863.5189088290114
2024-12-07,796.1815986307648
2024-12-08,757.763091153049
2024-12-09,858.2132528288041
2024-12-10,855.6696005400892
2024-12-11,862.6568460689562
2024-12-12,857.986394207737
2024-12-13,857.9637083456304
2024-12-16,861.2233831570883
2024-12-17,857.89565075931
2024-12-18,832.5938251784185
2024-12-19,831.8735490565304
2024-12-20,840.9152829724368
2024-12-23,847.0433014740121
2024-12-24,856.3969659938856
2024-12-26,856.0495887303766
2024-12-27,846.5853306327328
2024-12-30,837.5251644538648
2024-12-31,833.9365446418594
2025-01-02,832.0819754146358
2025-01-03,842.5628437079366
2025-01-06,847.2290419700109
2025-01-07,837.8214985276337
2025-01-08,839.1287713315331
2025-01-10,826.196412064326
2025-01-13,827.4980134026986
2025-01-14,828.4465660120353
2025-01-15,843.6177362958986
2025-01-16,841.8354782541402
2025-01-17,850.2462616302034
2025-01-21,857.7014030650215
2025-01-22,862.9659409401604
2025-01-23,867.5513208184794
2025-01-24,865.0743082497029
2025-01-27,852.4609689183713
2025-01-28,860.3187844055835
2025-01-29,856.2934617480241
2025-01-30,860.810784040023
2025-01-31,856.4664414465877
2025-02-03,849.9499275564348
2025-02-04,856.0907068554452
2025-02-05,859.4368715161852
2025-02-06,862.568938353293
2025-02-07,854.4048637276402
2025-02-10,860.1401332414931
2025-02-11,860.432213716117
2025-02-12,858.0884805872174
2025-02-13,867.0352174555518
2025-02-14,866.9728313347584
2025-02-18,869.0925415753543
2025-02-19,871.1583728934467
2025-02-20,867.382594719061
2025-02-21,852.5814875608132
2025-02-24,848.3449028123849
2025-02-25,844.3748769437104
2025-02-26,844.4897241206256
2025-02-27,831.0923046802308
2025-02-28,844.2685369650852
2025-03-03,829.4121330179524
2025-03-04,819.264463324344
2025-03-05,828.4068657533487
2025-03-06,813.645458853788
2025-03-07,818.1372595509166
2025-03-10,796.0695871866131
2025-03-11,795.8307663104572
2025-03-12,799.4811411882358
2025-03-13,788.3755309938149
2025-03-14,805.1410330384138
2025-03-17,810.3068980015682
2025-03-18,801.6742778890111
2025-03-19,801.4337756056443
2025-03-20,801.4337756056443
2025-03-21,801.854261671596
2025-03-24,816.0038153966163
2025-03-25,817.2884664097468
2025-03-26,808.169990881524
2025-03-27,805.4974074412116
2025-03-28,789.5991437467757
2025-03-31,793.9723334842058
2025-04-01,793.7341417841607
2025-04-02,793.7341417841607
2025-04-03,755.0827809121276
2025-04-04,709.9668743876811
2025-04-07,709.7538843253648
2025-04-08,709.7538843253648
2025-04-09,709.7538843253648
2025-04-10,684.9781072639825
2025-04-11,684.7726138318034
2025-04-14,684.7726138318034
2025-04-15,683.3840870224891
2025-04-16,668.0705232533167
2025-04-17,668.9569447069196
2025-04-21,668.7562576235075
2025-04-22,668.7562576235075
2025-04-23,668.7562576235075
2025-04-24,668.7562576235075
2025-04-25,673.486467054451
2025-04-28,673.917969584377
2025-04-29,677.8283088951194
2025-04-30,678.8314913305124
2025-05-01,678.6278418831133
2025-05-02,688.418143010578
2025-05-05,688.2116175676748
2025-05-06,688.2116175676748
2025-05-07,688.2116175676748
2025-05-08,688.2116175676748
2025-05-09,688.2116175676748
2025-05-12,688.2116175676748
2025-05-13,688.2116175676748
2025-05-14,688.2116175676748
2025-05-15,688.2116175676748
2025-05-16,688.2116175676748
2025-05-19,688.2116175676748
2025-05-20,688.2116175676748
2025-05-21,688.2116175676748
2025-05-22,688.2116175676748
2025-05-23,683.3884188675595
2025-05-27,683.1834023418992
2025-05-28,683.1834023418992
2025-05-29,683.1834023418992
2025-05-30,683.1834023418992
2025-06-02,683.1834023418992
2025-06-03,686.9410892182898
2025-06-04,686.9917149046804
2025-06-05,686.785617390209
2025-06-06,686.785617390209
2025-06-09,686.785617390209
2025-06-10,686.785617390209
2025-06-11,686.785617390209
2025-06-12,686.785617390209
2025-06-13,686.785617390209
2025-06-16,693.0303660589851
2025-06-17,687.2420081232418
2025-06-18,687.0294964705106
2025-06-20,685.5327252083011
2025-06-23,685.3270653907388
2025-06-24,685.3270653907388
2025-06-25,685.1192174128921
2025-06-26,690.6139721407382
2025-06-27,694.218288330412
2025-06-30,697.8034864622934
2025-07-01,697.0230198677119
2025-07-02,700.3304438657871
2025-07-03,706.17044822553
2025-07-07,700.6183393243069
2025-07-08,700.1167714551667
2025-07-09,704.3609802850666
2025-07-10,706.2952778969976
2025-07-11,703.9662486212364
2025-07-14,704.9570138515338
2025-07-15,702.1680265971215
2025-07-16,704.4104623169997
2025-07-17,708.1958377598834
2025-07-18,708.1317360366974
2025-07-21,709.1225012669945
2025-07-22,709.5745871042017
2025-07-23,715.1176992723458
2025-07-24,715.6170179582165
2025-07-25,718.461110202736
2025-07-28,718.5881890574732
2025-07-29,716.4615862759838
2025-07-30,715.5664113346483
2025-07-31,712.9224964011311
2025-08-01,701.5213864070863
2025-08-04,711.8597573062036
2025-08-05,708.4016380290595
2025-08-06,713.5601398580873
2025-08-07,712.9910964908563
2025-08-08,718.5522021251579
2025-08-11,716.752855509408
2025-08-12,724.8847776209624
2025-08-13,727.2261774047067
2025-08-14,727.4465973651362
2025-08-15,725.3391126414393
2025-08-18,725.2660141851744
2025-08-19,721.0173069887352
2025-08-20,719.264068630014
2025-08-21,716.3839894531795
2025-08-22,727.2632889286567
2025-08-25,724.1605406081231
2025-08-26,727.1542035400769
2025-08-27,728.8928222075451
2025-08-28,731.1937366924352
2025-08-29,726.5154354914857
2025-09-02,721.4862617004651
2025-09-03,725.1659255296735
2025-09-04,731.2184777084018
2025-09-05,728.9040681238937
2025-09-08,730.4391357054552
2025-09-09,732.4026726998922
2025-09-10,734.5877542463935
2025-09-11,740.8213656783317
2025-09-12,740.4637455384515
2025-09-15,743.9488550148318
2025-09-16,742.9907029419451
2025-09-17,742.2698397040103
2025-09-18,745.8246738617511
2025-09-19,749.4683507586443
2025-09-22,752.7735255734499
2025-09-23,748.6316545823207
2025-09-24,746.5005534342922
2025-09-25,742.761286248437
2025-09-26,747.1449444410575
2025-09-29,749.1141043936686
2025-09-30,752.1786165986175
2025-10-01,754.735937976252
2025-10-02,755.2026435047122
2025-10-03,755.2521255366453
2025-10-06,758.0062504503773
2025-10-07,755.117174540464
2025-10-08,759.5177016076071
2025-10-09,757.424836575163
2025-10-10,736.8897933229184
2025-10-13,748.3842444226551
2025-10-14,747.2135445307829
2025-10-15,750.2218271539896
2025-10-16,745.4996668792813
2025-10-17,749.428990051425
2025-10-20,757.4270857584328
2025-10-21,757.4518267743994
2025-10-22,753.4089198471364
2025-10-23,757.7993255895659
2025-10-24,763.7877760451083
2025-10-27,773.174742421148
2025-10-28,774.9437250627572
2025-10-29,774.9099873137118
2025-10-30,767.2346494059041
2025-10-31,769.2431700657347
2025-11-03,770.5668144199457
2025-11-04,761.5228484925333
2025-11-05,764.3050881971363
2025-11-06,755.7615655472295
2025-11-07,756.7152192535771
2025-11-10,768.3693623654614
2025-11-11,769.9640333036696
2025-11-12,770.4487322982872
2025-11-13,757.6924893842559
2025-11-14,757.3123774116788
2025-11-17,750.3736470246936
