Date,Strategy
2004-04-21,0.005276336970130524
2004-04-22,0.014055688995641136
2004-04-23,0.0006140889551713435
2004-04-26,-0.004471330878484947
2004-04-27,0.0022897402025539026
2004-04-28,-0.013794921360161472
2004-04-29,-0.007573057733428312
2004-04-30,-0.005925127928898544
2004-05-03,0.009211595773503056
2004-05-04,0.0017897091722594016
2004-05-05,0.001786511835640825
2004-05-06,-0.006687472135532779
2004-05-07,-0.013734290843806063
2004-05-10,-0.01055793210157474
2004-05-11,0.007726980038635034
2004-05-12,0.001643085349155582
2004-05-13,-0.0008201950241500944
2004-05-14,-0.0006384531192995535
2004-05-17,-0.010586839463356923
2004-05-18,0.006825938566553003
2004-05-19,-0.0025652771415483056
2004-05-20,0.0004592633416000691
2004-05-21,0.00403966213734841
2004-05-24,0.001645940014630698
2004-05-25,0.01606719006755508
2004-05-26,0.001707097933513202
2004-05-27,0.005740425150237538
2004-05-28,-0.0005350931953981286
2004-06-01,0.0004461497278487325
2004-06-02,0.003389225829468323
2004-06-03,-0.0074666666666667325
2004-06-04,0.00528389754612224
2004-06-07,0.015946547884187146
2004-06-08,0.0015783935461242127
2004-06-09,-0.009542987217650234
2004-06-10,0.004596481923450968
2004-06-14,-0.009854817421909412
2004-06-15,0.0059539678308007105
2004-06-16,0.001413427561837377
2004-06-17,-0.0014114326040930436
2004-06-18,0.0026501766784452485
2004-06-21,-0.004140969162995667
2004-06-22,0.003627355569318036
2004-06-23,0.008550775740479466
2004-06-24,-0.002971768202080116
2004-06-25,-0.005522924520031558
2004-06-28,-0.0009696755994359485
2004-06-29,0.0025588987911409067
2004-06-30,0.004048582995951344
2004-07-01,-0.01043127629733509
2004-07-02,-0.0003
2004-07-06,-0.008474871156922059
2004-07-07,-0.0003
2004-07-08,-0.0
2004-07-09,0.0
2004-07-12,0.0
2004-07-13,0.0
2004-07-14,-0.0
2004-07-15,-0.0
2004-07-16,-0.0
2004-07-19,-0.0
2004-07-20,0.0
2004-07-21,-0.0
2004-07-22,0.0
2004-07-23,-0.0
2004-07-26,-0.0
2004-07-27,0.0
2004-07-28,0.0
2004-07-29,0.0
2004-07-30,0.0
2004-08-02,0.0
2004-08-03,-0.0
2004-08-04,-0.0
2004-08-05,-0.0
2004-08-06,-0.0
2004-08-09,0.0
2004-08-10,0.0
2004-08-11,-0.0
2004-08-12,-0.0
2004-08-13,0.0
2004-08-16,0.0
2004-08-17,0.0
2004-08-18,0.0
2004-08-19,-0.0
2004-08-20,0.0
2004-08-23,-0.0
2004-08-24,0.0
2004-08-25,0.0
2004-08-26,0.0
2004-08-27,0.0
2004-08-30,-0.0
2004-08-31,0.0
2004-09-01,0.0
2004-09-02,0.0
2004-09-03,-0.0
2004-09-07,0.0066145114942528175
2004-09-08,-0.004459109961651664
2004-09-09,-0.0003
2004-09-10,0.0
2004-09-13,0.0013905418631549819
2004-09-14,0.002220643098241215
2004-09-15,-0.007001683949304116
2004-09-16,0.0027668689753659326
2004-09-17,0.004450378282153888
2004-09-20,-0.0055826318121399154
2004-09-21,-0.0003
2004-09-22,-0.0142024174267246
2004-09-23,-0.0003
2004-09-24,0.0
2004-09-27,-0.0
2004-09-28,0.0
2004-09-29,0.0
2004-09-30,-0.0
2004-10-01,0.0
2004-10-04,0.0
2004-10-05,-0.0009166314305849906
2004-10-06,0.00661084178051996
2004-10-07,-0.00989492119089308
2004-10-08,-0.0003
2004-10-11,0.0
2004-10-12,-0.002612344361437346
2004-10-13,-0.0003
2004-10-14,-0.0
2004-10-15,0.0
2004-10-18,0.0
2004-10-19,-0.0
2004-10-20,0.0
2004-10-21,0.0
2004-10-22,-0.0
2004-10-25,-0.0
2004-10-26,0.0
2004-10-27,0.0
2004-10-28,0.001477145903678612
2004-10-29,0.0024835905623559196
2004-11-01,0.0002654397451777868
2004-11-02,0.0
2004-11-03,0.011233967271119027
2004-11-04,0.016182645206437973
2004-11-05,0.0038736334681932494
2004-11-08,-0.0011147316069284319
2004-11-09,-0.0006867542278308214
2004-11-10,-0.0010308392749762696
2004-11-11,0.009115143176541274
2004-11-12,0.009118023008095388
2004-11-15,-0.00033778078027368874
2004-11-16,-0.007095793208312107
2004-11-17,0.005530032329419843
2004-11-18,0.0013537524325237804
2004-11-19,-0.011153358681875836
2004-11-22,0.005895924122020002
2004-11-23,-0.0002548419979612193
2004-11-24,0.004163480329679503
2004-11-26,0.0007615501776951916
2004-11-29,-0.003466644119387907
2004-11-30,-0.0040726285423383635
2004-12-01,0.014994036462770532
2004-12-02,-0.0009232835319793464
2004-12-03,0.0007561119045620401
2004-12-06,-0.00083948959032909
2004-12-07,-0.011006553520416906
2004-12-08,0.004842409311018647
2004-12-09,0.005410889414947606
2004-12-10,-0.0010090817356206427
2004-12-13,0.00900673400673413
2004-12-14,0.003920914323850777
2004-12-15,0.0019112514542130032
2004-12-16,-0.0020734842829891464
2004-12-17,-0.007480053191489366
2004-12-20,0.0004186903366270034
2004-12-21,0.009039926341340987
2004-12-22,0.0034010783907092446
2004-12-23,0.0004133597883597684
2004-12-27,-0.004297165523510338
2004-12-28,0.007137521786040324
2004-12-29,0.0
2004-12-30,0.0
2004-12-31,-0.0013185002060155382
2005-01-02,-0.018565888274610143
2005-01-03,0.0176559609887339
2005-01-04,-0.03098149372108394
2005-01-06,0.025066075539261545
2005-01-07,-0.006570739416118965
2005-01-08,0.034243134628265226
2005-01-09,-0.011090423378936287
2005-01-11,-0.015389652914210794
2005-01-12,0.051463252411040994
2005-02-02,-0.056535146675100845
2005-02-03,0.014163593697619659
2005-02-05,-0.03958350549541345
2005-02-06,0.036224401996213906
2005-02-08,0.033048243793074805
2005-02-09,-0.020979020979020935
2005-02-11,-0.002627257799671656
2005-02-12,0.04140599275600909
2005-03-01,-0.04979843490633151
2005-03-02,-0.0101489060810247
2005-03-03,0.017312379191528615
2005-03-05,-0.04072697232548528
2005-03-06,0.029968997588701196
2005-03-08,0.04096989966555187
2005-03-10,-0.014698795180722812
2005-03-11,-0.005543327626966632
2005-04-01,-0.026149684400360806
2005-04-02,0.012626262626262541
2005-04-03,0.015876974231088914
2005-04-04,-0.03764012764912861
2005-04-05,-0.00034010713374699186
2005-04-08,0.05120353831759816
2005-04-10,-0.01731531677320175
2005-04-11,0.004610951008645392
2005-05-01,-0.029833620195065857
2005-05-04,-0.0019430598969333301
2005-05-05,-0.007448789571694703
2005-05-07,0.02763090567968618
2005-05-08,0.017759336099585132
2005-05-10,-0.024461839530332652
2005-05-12,0.05491474423269804
2005-06-01,-0.05879090404880738
2005-06-04,-0.003198922468221399
2005-06-05,-0.01080989781268471
2005-06-06,0.022368308716810503
2005-06-07,-0.0021711899791231337
2005-06-09,0.03222026947861756
2005-06-10,-0.03397113669531382
2005-06-12,0.06059588753671852
2005-07-01,-0.0613278467990821
2005-07-02,0.013066936435677023
2005-07-03,0.019638844969626312
2005-07-04,-0.027911531869746264
2005-07-06,0.005205272437242892
2005-07-07,0.0005011275369581902
2005-07-09,0.032139577594123114
2005-07-10,-0.03275638951795534
2005-07-11,0.022493519525043748
2005-07-12,0.028295714753026058
2005-08-02,-0.04382058215365048
2005-08-03,0.014222739748814828
2005-08-04,-0.03132688207315082
2005-08-06,0.011429055198103555
2005-08-07,0.014396919728802304
2005-08-08,0.009241686607805777
2005-08-09,0.007031313874581002
2005-08-11,-0.010635706746772833
2005-08-12,0.030526834071885833
2005-09-02,-0.05080426819557249
2005-09-03,0.012583892617449743
2005-09-05,-0.023363711681855914
2005-09-06,0.018747879199185746
2005-09-08,0.025397618452827064
2005-09-09,0.008202046451193601
2005-09-11,-0.01675392670157061
2005-09-12,0.0317031211599903
2005-10-01,-0.05494680006352237
2005-10-02,0.005713325491514043
2005-10-03,0.010192147034252308
2005-10-05,-0.03556070129010913
2005-10-06,0.027353798662322015
2005-10-08,0.025874300976546305
2005-10-10,-0.034008624196566584
2005-10-11,0.036806198938768686
2005-11-01,-0.038992688870836734
2005-11-02,0.018850380388841792
2005-11-03,-0.004314278602837507
2005-11-04,-0.015748687609365764
2005-11-05,-0.0003
2005-11-07,0.0
2005-11-08,0.014789388223716416
2005-11-10,-0.04273711423493287
2005-11-11,0.04202886319520638
2005-12-01,-0.038065926945816786
2005-12-04,8.419634587841784e-05
2005-12-05,-0.023909749116012735
2005-12-07,-0.0003
2005-12-08,0.006409212894779881
2005-12-09,0.00828998699609862
2005-12-10,-0.050701273577301254
2005-12-12,-0.0003
2006-01-02,0.017234116153602007
2006-01-03,0.006783625730994114
2006-01-05,0.010842627013630812
2006-01-06,-0.014940239043824688
2006-01-08,-0.011511239013766827
2006-01-09,0.03155244315052319
2006-01-11,0.043325705568268535
2006-01-12,0.021128820002924487
2006-02-02,-0.0901410467530609
2006-02-03,0.014400377714825163
2006-02-05,0.018695213714995162
2006-02-06,-0.01903746573256171
2006-02-08,-0.00752988666356158
2006-02-10,0.04129839655846701
2006-02-11,0.0270412378877789
2006-03-01,-0.07203978644043008
2006-03-02,-0.003783102143757877
2006-03-03,0.018354430379746933
2006-03-04,0.008234928527035335
2006-03-05,0.0077053475111728
2006-03-07,-0.021104144364581634
2006-03-08,7.811279487568434e-05
2006-03-10,0.04202140123408582
2006-03-11,0.022636983734352745
2006-04-01,-0.0665542769185663
2006-04-04,0.02544169611307434
2006-04-05,0.004824259131633424
2006-04-08,-0.02499618960524308
2006-04-10,0.05533843989370024
2006-04-12,0.043623166938231206
2006-05-01,-0.09623163721524375
2006-05-04,0.02991755005889285
2006-05-05,0.010826471485208877
2006-05-06,-0.04563282546387082
2006-05-07,0.004425827866909149
2006-05-09,0.03328349988197332
2006-05-10,0.0304599451720986
2006-05-12,0.04552172627845108
2006-06-01,-0.0913910093299406
2006-06-02,-0.015947102294826876
2006-06-03,0.010513833992094934
2006-06-04,0.024016271610733053
2006-06-06,-0.03453017570664629
2006-06-07,0.008150023737933276
2006-06-09,0.02056353504434516
2006-06-10,0.03791432746289325
2006-06-11,0.02237700059276837
2006-06-12,0.023988983910711692
2006-07-02,-0.11189751574775297
2006-07-03,0.016815428753586437
2006-07-04,0.015361705462810571
2006-07-06,-0.03033577769201079
2006-07-07,0.007403279732526524
2006-07-08,0.008139075464243417
2006-07-09,0.014265558865026007
2006-07-11,0.06862442040185468
2006-07-12,0.017717674284061236
2006-08-02,-0.10061820507354502
2006-08-03,0.010112980959152917
2006-08-05,0.036136096988658606
2006-08-06,-0.05042651166301804
2006-08-08,0.010811670244057492
2006-08-09,0.021549351160047303
2006-08-11,0.06682577565632464
2006-08-12,0.017391931875586186
2006-09-01,-0.08483472833025951
2006-09-02,-0.020461943884669154
2006-09-03,0.0066466213008387065
2006-09-05,0.04158151234082674
2006-09-06,-0.054939249867934414
2006-09-08,0.01093987063802615
2006-09-10,0.06690363349131134
2006-09-11,0.020433849115273572
2006-10-01,-0.06428208662845525
2006-10-02,-0.017600992478871036
2006-10-03,0.011523283346487778
2006-10-04,0.011704119850187267
2006-10-05,0.0202066944315904
2006-10-07,-0.04195645600241915
2006-10-08,0.003550856150871917
2006-10-10,0.06416103160874354
2006-10-11,0.020319196098714354
2006-11-01,-0.06278514012600478
2006-11-04,-0.0058723535774997115
2006-11-05,0.015000777242344387
2006-11-07,-0.025576230951834034
2006-11-08,-0.004557956777996086
2006-11-09,0.02589405541959411
2006-11-10,0.03886110042323976
2006-11-12,0.046666666666666634
2006-12-01,-0.08980891719745232
2006-12-04,0.0015550890288469343
2006-12-05,0.002406645446782152
2006-12-06,-0.042441140024783164
2006-12-07,0.017955354254286515
2006-12-09,-0.0003
2006-12-10,0.03754936410022088
2006-12-12,0.03580862929263273
2007-01-02,0.02429866817795423
2007-01-03,-0.029531779514489265
2007-01-05,0.05922177879133406
2007-01-06,0.033640584000538265
2007-01-08,-0.04588947471197036
2007-01-10,0.05539637058261704
2007-01-11,-0.02495151906916604
2007-02-02,-0.03977724741447897
2007-02-03,-0.04225352112676062
2007-02-04,0.026888696655132716
2007-02-05,0.050122850122850116
2007-02-07,0.015709606257102715
2007-02-08,-0.031064894037119983
2007-02-10,0.05053661187338676
2007-02-11,-0.02385878701668165
2007-03-01,-0.06166788103596754
2007-03-04,0.014965410136947632
2007-03-05,0.04492975379051334
2007-03-07,0.014976038338658126
2007-03-08,-0.06020066889632114
2007-03-10,0.07431442327820803
2007-03-12,-0.04364770070148083
2007-04-01,-0.03674273295300201
2007-04-04,0.014876965381090068
2007-04-05,0.045991385299430254
2007-04-06,0.022316684378321128
2007-04-09,-0.03235446985446977
2007-04-10,0.03585336377064574
2007-04-12,-0.05185377236193933
2007-05-01,-0.036300246103363354
2007-05-02,0.026459530396538256
2007-05-03,-0.05038009675190058
2007-05-04,0.050724110326759275
2007-05-06,0.06039617675578346
2007-05-07,-0.0036577400391900605
2007-05-09,-0.03481054149731222
2007-05-10,0.05793656184201579
2007-05-11,-0.03556753980482785
2007-05-12,-0.011449873518839082
2007-06-02,-0.02491582491582489
2007-06-03,-0.03632596685082867
2007-06-06,0.08743012756198931
2007-06-07,0.008567286147357356
2007-06-08,-0.040969681129116586
2007-06-09,0.0073584519997274
2007-06-11,0.02827189719310108
2007-06-12,-0.008550943892652763
2007-07-02,-0.03801499369733963
2007-07-03,-0.040000000000000036
2007-07-05,0.08441091954022983
2007-07-06,-0.012454455117588581
2007-07-08,-0.00939156101160532
2007-07-09,-0.015710706304598143
2007-07-11,0.015204678362572999
2007-07-12,0.019720791542423566
2007-08-01,-0.06107529740147544
2007-08-02,0.02512740656851653
2007-08-03,-0.03203756127874047
2007-08-05,0.07546900634852705
2007-08-06,0.0
2007-08-08,-0.006765271605757128
2007-08-10,0.03679465776293811
2007-08-11,-0.050109493752415246
2007-09-01,-0.0425142392188772
2007-09-02,0.018412293746901787
2007-09-03,-0.02454627633683326
2007-09-04,0.02979754776161969
2007-09-05,0.04707185380036005
2007-09-07,0.012693375644585503
2007-09-08,-0.05137746442094271
2007-09-10,0.07714541325442159
2007-09-11,-0.07123690263225146
2007-10-01,-0.026759303845360183
2007-10-04,0.02374893977947412
2007-10-05,0.029756973211819915
2007-10-07,0.012470667113643863
2007-10-08,-0.03741474074564599
2007-10-09,-0.0013070996147495073
2007-10-10,0.07632430943032298
2007-10-12,-0.02976000000000001
2007-11-01,-0.06081794195250667
2007-11-04,0.010605422109847051
2007-11-05,0.046493849468343784
2007-11-06,0.002191526099083463
2007-11-07,0.006427672122457206
2007-11-09,-0.031143007637608577
2007-11-10,0.056337071015970075
2007-11-12,-0.04934379825012869
2007-12-01,-0.03180618528794743
2007-12-02,0.0018871880897464166
2007-12-03,-0.018696804799776867
2007-12-04,0.029290487700838863
2007-12-06,0.031219781737809038
2007-12-07,0.03663764233087741
2007-12-09,-0.04916973573689998
2007-12-10,0.061293829845066705
2007-12-11,-0.07849916762709686
2007-12-12,0.03293496386881589
2008-01-02,-0.061348042513117096
2008-01-04,-0.01805933782427982
2008-01-05,0.028535980148883366
2008-01-07,-0.08827077272404726
2008-01-08,-0.019145458790567504
2008-01-10,-0.0003
2008-01-12,-0.0
2008-02-01,0.0
2008-02-04,-0.055371862907683846
2008-02-05,0.033930530164533845
2008-02-06,-0.019944833439422882
2008-02-07,-0.08962978999783511
2008-02-09,-0.0003
2008-02-10,-0.0
2008-02-12,-0.0
2008-03-01,0.0
2008-03-03,-0.08038568269762306
2008-03-04,0.028543528881544322
2008-03-06,0.006134521288249539
2008-03-07,-0.08332728460477601
2008-03-09,-0.0003
2008-03-10,-0.0
2008-03-11,-0.0
2008-03-12,-0.0
2008-04-01,0.0
2008-04-02,-0.0
2008-04-03,-0.0
2008-04-04,0.0
2008-04-06,0.0
2008-04-08,-0.0
2008-04-09,-0.0
2008-04-11,-0.0
2008-04-12,-0.0
2008-05-02,0.0
2008-05-03,-0.0
2008-05-05,0.0
2008-05-06,-0.0
2008-05-08,-0.0
2008-05-09,-0.0
2008-05-11,-0.0
2008-05-12,-0.0
2008-06-02,0.0
2008-06-03,-0.0
2008-06-05,0.0
2008-06-06,-0.0
2008-06-08,-0.0
2008-06-10,-0.0
2008-06-11,-0.0
2008-07-01,0.0
2008-07-02,-0.0
2008-07-03,-0.0
2008-07-04,0.0
2008-07-05,0.0
2008-07-07,-0.0
2008-07-08,0.0
2008-07-10,-0.0
2008-07-11,-0.0
2008-08-01,0.0
2008-08-02,-0.0
2008-08-04,0.0
2008-08-05,0.0
2008-08-07,-0.0
2008-08-08,0.0
2008-08-09,-0.0
2008-08-10,-0.0
2008-08-12,-0.0
2008-09-01,0.0
2008-09-04,-0.0
2008-09-05,0.0
2008-09-06,-0.0
2008-09-07,-0.0
2008-09-09,-0.0
2008-09-10,-0.0
2008-09-12,-0.0
2008-10-01,0.0
2008-10-03,-0.0
2008-10-04,0.0
2008-10-06,-0.0
2008-10-07,-0.0
2008-10-09,-0.0
2008-10-10,-0.0
2008-10-11,0.0
2008-10-12,-0.0
2008-11-01,0.0
2008-11-02,-0.0
2008-11-03,-0.0
2008-11-04,0.0
2008-11-06,0.0
2008-11-07,-0.0
2008-11-08,0.0
2008-11-09,-0.0
2008-11-11,-0.0
2008-11-12,-0.0
2008-12-02,0.0
2008-12-03,-0.0
2008-12-05,0.0
2008-12-06,-0.0
2008-12-08,-0.0
2008-12-09,-0.0
2008-12-11,-0.0
2008-12-12,0.0
2009-01-04,-0.0
2009-01-05,0.0
2009-01-06,0.0
2009-01-07,-0.0
2009-01-09,0.0
2009-01-10,0.0
2009-01-12,0.0
2009-02-01,-0.0
2009-02-02,-0.0
2009-02-03,-0.0
2009-02-04,0.0
2009-02-06,0.0
2009-02-07,-0.0
2009-02-09,0.0
2009-02-10,0.0
2009-02-11,0.0
2009-02-12,0.0
2009-03-02,-0.0
2009-03-03,-0.0
2009-03-04,0.0
2009-03-06,0.0
2009-03-08,0.0
2009-03-09,0.0
2009-03-11,0.0
2009-03-12,0.0
2009-04-02,-0.0
2009-04-03,-0.14365496274933912
2009-04-05,-0.0003
2009-04-06,0.0
2009-04-08,0.0
2009-04-09,0.0
2009-04-11,0.0
2009-04-12,0.0
2009-05-01,-0.0
2009-05-02,-0.08827843665768201
2009-05-03,-0.0003
2009-05-05,0.0
2009-05-06,0.0
2009-05-08,0.0
2009-05-10,0.0
2009-05-11,0.0
2009-06-01,-0.0
2009-06-02,-0.0
2009-06-03,-0.0
2009-06-04,0.0
2009-06-05,0.0
2009-06-07,-0.0
2009-06-08,0.0
2009-06-10,0.0
2009-06-11,0.0
2009-07-01,-0.0
2009-07-04,-0.0
2009-07-05,0.0
2009-07-07,-0.0
2009-07-08,0.0
2009-07-10,0.0
2009-07-12,0.0
2009-08-01,-0.0
2009-08-04,-0.0
2009-08-05,0.0
2009-08-06,0.010354326302195427
2009-08-07,-0.0003
2009-08-09,0.0
2009-08-10,0.0
2009-08-12,0.0
2009-09-01,-0.0
2009-09-02,-0.0
2009-09-03,-0.0
2009-09-04,0.0
2009-09-06,0.0
2009-09-07,-0.0
2009-09-09,0.0
2009-09-10,0.0
2009-09-11,0.0
2009-09-12,0.0
2009-10-02,-0.24555547445255468
2009-10-03,-0.0003
2009-10-06,0.0
2009-10-07,-0.0
2009-10-08,0.0
2009-10-09,0.0
2009-10-11,0.0
2009-10-12,0.0
2009-11-02,-0.0
2009-11-03,-0.0
2009-11-05,0.0
2009-11-06,0.0
2009-11-08,0.0
2009-11-09,0.0
2009-11-11,0.0
2009-11-12,0.0
2009-12-01,-0.0
2009-12-02,-0.0
2009-12-03,-0.0
2009-12-05,0.0
2009-12-06,0.0
2009-12-08,0.0
2009-12-10,0.0
2009-12-11,0.0
2010-01-02,0.0
2010-01-03,0.024029783327212693
2010-01-04,0.05592901317558474
2010-01-06,-0.09116373822256163
2010-01-07,-0.0003
2010-01-09,0.0
2010-01-10,0.0
2010-01-11,0.0
2010-01-12,0.0
2010-02-02,-0.0
2010-02-03,0.0
2010-02-06,-0.0
2010-02-07,-0.06930946831755283
2010-02-08,0.10101701545081165
2010-02-09,-0.0003
2010-02-11,0.0
2010-02-12,0.0
2010-03-02,-0.0
2010-03-03,0.0
2010-03-05,0.0
2010-03-06,-0.08305804707643685
2010-03-08,0.016050054406964165
2010-03-09,-0.014279339580544392
2010-03-11,0.08465368945224094
2010-03-12,0.022287145242070094
2010-04-01,-0.07487547970931663
2010-04-02,-0.0616946160635482
2010-04-03,0.056344652431568054
2010-04-05,0.04505788067675853
2010-04-06,-0.0926209952283571
2010-04-08,0.058503145835289594
2010-04-10,0.00869410929737402
2010-04-11,0.07396657871591894
2010-05-01,-0.0692817951027761
2010-05-02,-0.061856577210734676
2010-05-03,0.0679984993434628
2010-05-04,0.042768068850443486
2010-05-05,-0.01810678794003706
2010-05-08,-0.03439403036280997
2010-05-10,0.031089003375377455
2010-05-11,0.055995864920744376
2010-06-01,-0.0723609071626693
2010-06-04,0.04599419576114694
2010-06-05,-0.05145451488145292
2010-06-07,-0.08872540329728784
2010-06-08,-0.0003
2010-06-10,0.033936804564907296
2010-06-12,0.05439655172413782
2010-07-01,-0.06655220341754542
2010-07-04,0.03573618288517122
2010-07-05,-0.06054968287526419
2010-07-06,-0.05437033036276895
2010-07-07,0.00932889100428369
2010-07-09,0.02970857304536456
2010-07-10,-0.0003
2010-07-12,0.05643085225800878
2010-08-01,-0.06438960614479483
2010-08-02,-0.07711790393013096
2010-08-03,0.07741080723005589
2010-08-04,0.04207290294246824
2010-08-06,-0.10485502360080923
2010-08-07,0.007721280602636549
2010-08-09,0.026817417305176727
2010-08-10,0.060333060333060295
2010-08-11,0.04977686234122891
2010-08-12,0.0041693917593197405
2010-09-02,-0.1284702434258731
2010-09-03,0.06539000467071454
2010-09-04,0.047259973695747526
2010-09-06,-0.11612525117213668
2010-09-07,0.021123425215496816
2010-09-08,0.046196660482374696
2010-09-09,-0.020925696045398068
2010-09-11,0.09889512769425823
2010-09-12,0.01615295862864663
2010-10-02,-0.13373884833738858
2010-10-03,0.07255874918078842
2010-10-05,0.012307960893854775
2010-10-06,-0.06286108476330088
2010-10-08,0.0315605447184395
2010-10-09,-0.010346980644010295
2010-10-11,0.09842271293375404
2010-10-12,0.01780585870189544
2010-11-01,-0.07529829087391171
2010-11-02,-0.05972101133391461
2010-11-03,0.0664812239221142
2010-11-05,0.0048687184837419295
2010-11-06,-0.05554594220453368
2010-11-08,-0.00192378160498341
2010-11-10,0.06957319871500678
2010-11-11,0.041362739208787414
2010-12-01,-0.06370004120313144
2010-12-02,-0.05342369301179373
2010-12-03,0.06927010692701074
2010-12-04,0.04043478260869571
2010-12-05,-0.020727120768909257
2010-12-07,-0.07928650678501326
2010-12-08,0.004449388209121219
2010-12-10,0.0795496493170913
2010-12-11,0.025132501282270514
2011-01-02,0.09039359573048689
2011-01-03,-0.0009941878250229186
2011-01-04,0.019980096455638252
2011-01-06,-0.01343440408285812
2011-01-07,0.019170787371624254
2011-01-08,-0.039411808613868726
2011-01-09,-0.06410754526381224
2011-01-11,0.011541016273663107
2011-01-12,0.021587457933185616
2011-02-02,0.04772617708500726
2011-02-03,0.0033742331288344474
2011-02-05,0.04035463161112807
2011-02-06,-0.03548339700264469
2011-02-08,-0.04486251808972508
2011-02-09,-0.06379585326953752
2011-02-11,0.05442930153321979
2011-02-12,0.005170046045722465
2011-03-01,0.022181146025878062
2011-03-02,0.02767513169274305
2011-03-03,0.01828475250554673
2011-03-05,0.019233658903080375
2011-03-06,-0.04157452454666066
2011-03-08,-0.030687586525150023
2011-03-10,-0.12782670792668405
2011-03-11,0.14737991266375539
2011-04-01,0.007136060894386231
2011-04-02,0.03204219807904263
2011-04-03,0.007857197345335187
2011-04-04,0.008855585831062607
2011-04-05,0.010803511141120659
2011-04-08,-0.10925554813330374
2011-04-10,-0.06341138238480115
2011-04-11,0.11494661921708182
2011-05-01,0.018672199170124415
2011-05-04,0.04386652044493178
2011-05-05,0.0018760318174997348
2011-05-07,0.002097221181934117
2011-05-08,-0.10352044248449066
2011-05-10,-0.04618976154744048
2011-05-12,0.09886363636363638
2011-06-01,0.013284543791265646
2011-06-04,0.048437745328937076
2011-06-05,0.003519281168101962
2011-06-06,-0.040292493657663075
2011-06-07,0.04120665526356704
2011-06-09,-0.1299283154121864
2011-06-10,-0.000171644352900846
2011-06-12,0.08025751072961373
2011-07-01,0.01032975764799371
2011-07-02,0.03735745182854888
2011-07-03,-0.006747536012130517
2011-07-04,0.017861231967025493
2011-07-06,-0.03644544431945995
2011-07-07,0.05315588761771339
2011-07-09,-0.11424770913390492
2011-07-10,-0.03595861838811942
2011-07-11,0.09138900908697534
2011-07-12,-7.929585282684393e-05
2011-08-02,0.05043616177636778
2011-08-03,-0.0021138456892646484
2011-08-04,0.004841882281737098
2011-08-06,-0.03659087486824286
2011-08-07,0.050171928727727355
2011-08-08,-0.1669147194522994
2011-08-09,-0.0003
2011-08-11,0.07559172780166953
2011-08-12,-0.03260443608433272
2011-09-02,0.07016122498582211
2011-09-03,-0.0006813536225301897
2011-09-05,0.01992424242424229
2011-09-06,-0.042561093367005864
2011-09-08,-0.09038013964313418
2011-09-09,-0.015607675906183283
2011-09-11,0.06489343268064451
2011-09-12,0.021235050036612302
2011-10-01,0.011631612492033039
2011-10-02,0.041030083477713086
2011-10-03,-0.020273848248733017
2011-10-05,0.047949965253648585
2011-10-06,-0.06351311523725323
2011-10-08,-0.11817466561762391
2011-10-10,0.06611349036402592
2011-10-11,0.037492677211482084
2011-11-01,0.02807130757441323
2011-11-02,0.042918791683012936
2011-11-03,-0.018733072524827032
2011-11-04,0.015487234531932792
2011-11-05,0.013288033220082873
2011-11-07,-0.01683928172267335
2011-11-08,-0.11133004926108381
2011-11-10,0.019529251236568346
2011-11-11,0.057130907570054346
2011-12-01,0.017566070580788073
2011-12-04,0.021928460342146128
2011-12-05,0.026251712068178445
2011-12-07,-0.026025061170015684
2011-12-08,-0.10261875761266748
2011-12-09,-0.013997285374957591
2011-12-10,0.038630301987438775
2011-12-12,0.02427104042412198
2012-01-02,0.07084512737565696
2012-01-03,0.03776149837625553
2012-01-05,0.023069645586201837
2012-01-06,-0.09090909090909083
2012-01-08,0.07597809076682305
2012-01-10,0.05046905679586944
2012-01-11,-0.011699550017307048
2012-02-02,-0.07151863267021574
2012-02-03,0.03327046397585809
2012-02-04,0.03606892523364502
2012-02-05,-0.011768851303735062
2012-02-07,-0.02624260144049062
2012-02-08,-0.00036616623947272053
2012-02-10,0.05919413919413907
2012-02-11,-0.02185641167519703
2012-03-01,-0.09694526941026738
2012-03-02,0.05308902983321606
2012-03-04,0.05093315488140382
2012-03-05,-0.015423800764114981
2012-03-07,-0.012647312446105174
2012-03-08,0.012372634643377012
2012-03-10,0.04313443565780006
2012-03-12,-0.028600964851826283
2012-04-01,-0.09379212486697419
2012-04-04,-0.0003
2012-04-05,-0.021672408863474026
2012-04-06,-0.06639398144766628
2012-04-09,0.09912376779846666
2012-04-10,0.040216385507865215
2012-04-12,-0.037224579170658356
2012-05-01,-0.08948116560056862
2012-05-03,-0.0003
2012-05-04,0.02447460968995082
2012-05-06,-0.08053787282740854
2012-05-07,0.06386619992220921
2012-05-09,0.02617724480842365
2012-05-10,0.04097192532421268
2012-05-11,-0.029844616332397877
2012-05-12,-0.005644535384181193
2012-06-01,-0.09330873483289581
2012-06-02,-0.0003
2012-06-03,-0.0
2012-06-06,-0.021365952061932515
2012-06-07,0.03011177857197178
2012-06-08,0.0291577471026796
2012-06-09,0.02718404819968434
2012-06-11,-0.002583618462397741
2012-06-12,-0.010151218146177587
2012-07-02,-0.04731593464884365
2012-07-03,0.004157386785448969
2012-07-05,0.012568386810587029
2012-07-06,-0.03986565420560739
2012-07-08,0.06562737642585548
2012-07-09,0.026118604153286373
2012-07-11,-0.03018290562626058
2012-07-12,0.016923628540695512
2012-08-02,-0.04802200126930389
2012-08-03,0.011777777777777887
2012-08-05,-0.0016106596383337335
2012-08-06,-0.02786536628290681
2012-08-08,0.05770536320434494
2012-08-10,0.038296961916987726
2012-08-11,-0.053849852325022374
2012-09-01,-0.0702722323049001
2012-09-02,-0.0003
2012-09-03,0.013679289940828421
2012-09-04,0.00824276023050552
2012-09-05,-0.01996816669078294
2012-09-07,-0.0015502731433633121
2012-09-08,0.03719038817005549
2012-09-10,0.0275876817792986
2012-09-11,-0.04280263614290669
2012-10-01,-0.063559936222641
2012-10-02,0.03908366225524351
2012-10-04,-0.0003
2012-10-05,-0.0007416310908287312
2012-10-07,-0.012150220913107468
2012-10-08,0.048005963473723545
2012-10-09,0.01650188491357829
2012-10-10,0.0024490938352810243
2012-10-12,-0.009842244869468053
2012-11-01,-0.08882622488544234
2012-11-04,0.05895551257253384
2012-11-05,-0.01117849053846709
2012-11-06,-0.03288015368701047
2012-11-07,0.02490640996256399
2012-11-09,0.06865449124114797
2012-11-10,-0.0005580357142856984
2012-11-12,-0.0034896705750977475
2012-12-01,-0.09266003641966658
2012-12-03,-0.0003
2012-12-04,0.011734133177740491
2012-12-06,-0.04569040069184194
2012-12-07,0.008004833106781462
2012-12-09,0.07626610728198968
2012-12-10,-0.005568703884170967
2012-12-11,-0.03401931961360771
2012-12-12,0.035144927536231885
2013-01-02,0.05929296464823253
2013-01-03,0.0033042558815754575
2013-01-04,0.02898168884204977
2013-01-05,0.013122519523748544
2013-01-07,0.020408163265306145
2013-01-08,0.056904024767801875
2013-01-10,-0.006971703087468528
2013-01-11,0.03929203539823001
2013-02-01,-0.16984559491371476
2013-02-04,0.07371444201312904
2013-02-05,0.01745000636861538
2013-02-07,0.010327991987981955
2013-02-08,0.059228052784833674
2013-02-10,-0.009241387377902477
2013-02-12,0.06316783753468336
2013-03-01,-0.18962740851796323
2013-03-04,0.06461559545018503
2013-03-05,0.03906803115144486
2013-03-06,0.01610505450941524
2013-03-07,-0.015240185320653521
2013-03-09,0.015104618051256624
2013-03-10,0.02372240517136248
2013-03-12,0.069398939655686
2013-04-01,-0.183099376114082
2013-04-02,0.019911353562904965
2013-04-03,0.01972320652537274
2013-04-04,0.02281667977970092
2013-04-06,0.045769230769230784
2013-04-09,0.013301458869682259
2013-04-10,0.022624160667836346
2013-04-11,0.04578527062999127
2013-04-12,0.014084507042253502
2013-05-02,-0.1570169567157519
2013-05-03,0.018857936875537717
2013-05-04,0.008767372386024208
2013-05-06,0.03579475954419631
2013-05-07,0.014295481384797082
2013-05-08,0.046081254978858954
2013-05-09,-0.030461015757717758
2013-05-11,0.06519243550238651
2013-05-12,0.012478729438457181
2013-06-02,-0.15288515406162473
2013-06-03,0.019443158521261772
2013-06-05,0.04930262731106061
2013-06-06,0.0031530139103554955
2013-06-08,0.04609885369160627
2013-06-09,-0.024861552963355793
2013-06-11,0.06965925567907205
2013-06-12,0.019542502118045757
2013-07-01,-0.1901279707495429
2013-07-02,0.0324919625145359
2013-07-03,0.023121770239830308
2013-07-05,0.052904228453020785
2013-07-06,0.010701107011070077
2013-07-08,0.028903492758914462
2013-07-10,-0.00875273522975939
2013-07-11,0.04241990334705581
2013-08-01,-0.16597985347985345
2013-08-02,0.04165522920669784
2013-08-03,0.0219382040977667
2013-08-04,0.007671480144404219
2013-08-05,0.04452690166975892
2013-08-07,0.0047773626508238465
2013-08-08,0.03474550441938429
2013-08-10,-0.024742268041237137
2013-08-11,0.06952582301419508
2013-09-01,-0.17485598102338185
2013-09-04,0.07364818617385338
2013-09-05,0.03703939818946833
2013-09-07,0.015737382430687896
2013-09-08,0.02366398353809851
2013-09-09,-0.011647156201962883
2013-09-10,-0.00915235987318297
2013-09-12,0.09176527408838453
2013-10-01,-0.18596549435965504
2013-10-04,0.0785272739623668
2013-10-05,0.02897272784531091
2013-10-06,0.005570178123278424
2013-10-07,0.005965424884343706
2013-10-09,0.019000363064262338
2013-10-10,0.005106888361045003
2013-10-12,0.06498877466619413
2013-11-01,-0.18340175302341055
2013-11-02,0.030570652173913082
2013-11-03,0.025840474620962395
2013-11-04,0.0239043824701195
2013-11-06,0.02052215388477463
2013-11-07,0.03007195129450846
2013-11-09,0.008417910447761079
2013-11-10,0.008347640755431929
2013-11-11,0.04033583842179422
2013-11-12,0.005812969129183276
2013-12-02,-0.14745819773313884
2013-12-03,0.021784915098064905
2013-12-04,0.023381642512077194
2013-12-06,0.014916918429003001
2013-12-07,0.04198449612403099
2013-12-08,0.005535055350553542
2013-12-09,-0.003610535661438208
2013-12-11,0.0500772246643697
2013-12-12,0.004412513435537724
2014-01-04,0.06195437904815537
2014-01-05,-0.0009546539379474694
2014-01-07,0.04756596060943874
2014-01-08,-0.024375411746820008
2014-01-10,0.01090795761479324
2014-01-12,0.05508169766724902
2014-02-01,-0.1078211746371871
2014-02-04,0.03215065502183401
2014-02-05,-0.0051827172246021735
2014-02-06,0.023337408962840867
2014-02-07,0.02576623376623366
2014-02-09,0.014028157601539526
2014-02-10,-0.028017779553513367
2014-02-12,0.06186414551433561
2014-03-01,-0.1138101229071905
2014-03-02,-0.04886971715627386
2014-03-03,0.05959010276135257
2014-03-04,0.023351573928590774
2014-03-06,0.018742058449809473
2014-03-07,0.031805425631431294
2014-03-09,0.007706255666364514
2014-03-10,-0.016394262008297078
2014-03-11,0.025356979521317102
2014-03-12,0.028000792942809216
2014-04-02,-0.15383502868437549
2014-04-03,0.06762762078395634
2014-04-04,-0.004696088371844875
2014-04-06,0.03367111683019686
2014-04-08,0.005757560039421072
2014-04-09,0.030273336771531767
2014-04-11,0.007208289532962819
2014-04-12,0.02972019283335836
2014-05-02,-0.15459240310825817
2014-05-03,0.06976478648093165
2014-05-05,0.00581705624933293
2014-05-06,0.02960683397888264
2014-05-08,-0.010461221334707504
2014-05-09,0.045568169982293405
2014-05-11,0.007919509886935128
2014-05-12,0.02559794425775852
2014-06-01,-0.11978413799749454
2014-06-02,-0.029231442960367837
2014-06-03,-0.0003
2014-06-05,-0.005254714970697882
2014-06-06,0.04374364191251279
2014-06-08,-0.01497896788755515
2014-06-10,0.02322674721383189
2014-06-11,0.033794788273615595
2014-07-01,-0.09516541945647894
2014-07-02,-0.022253659067413945
2014-07-03,0.04507512520868118
2014-07-04,-0.01757188498402551
2014-07-05,0.01799457994579945
2014-07-07,0.05297625386007887
2014-07-08,-0.03443393841330844
2014-07-10,0.013353581901969003
2014-07-11,0.050023254612164836
2014-08-01,-0.09567399970470991
2014-08-04,0.00789115646258498
2014-08-05,0.012742980561555095
2014-08-07,0.04697163574322882
2014-08-08,-0.016346692468299673
2014-08-09,0.03618761648374402
2014-08-10,-0.016287784161878593
2014-08-12,0.046421859921783826
2014-09-01,-0.10784837159636962
2014-09-04,0.018551765409934307
2014-09-05,0.0033650251041554835
2014-09-06,0.0387543252595155
2014-09-07,0.01101829549531086
2014-09-09,0.007907542579075555
2014-09-10,-0.030275598471132592
2014-09-12,0.06825018151644024
2014-10-01,-0.10554422759491211
2014-10-02,-0.023122014763352183
2014-10-03,0.043004778308701086
2014-10-04,-0.023492435542297074
2014-10-06,0.06420817194915718
2014-10-07,0.0071252819356162345
2014-10-09,0.015778490354761532
2014-10-10,-0.044896527534198594
2014-10-11,0.06935627721525628
2014-10-12,-0.005985379973507343
2014-11-02,-0.1018212329105177
2014-11-03,0.02626662270579172
2014-11-04,-0.027789676590276202
2014-11-06,0.0706063777055681
2014-11-07,0.012191985184422993
2014-11-08,-0.015602764789591328
2014-11-09,0.03128710826578551
2014-11-11,0.021126408010012643
2014-11-12,-0.0021571799774476874
2014-12-02,-0.10612686090502632
2014-12-03,0.0268784697411093
2014-12-05,0.015255325982228785
2014-12-06,0.01760953234565288
2014-12-08,0.0019169991192167224
2014-12-09,0.026734926052332186
2014-12-11,0.026542432636615487
2014-12-12,-0.01761358061034246
2015-01-04,0.028667032912151003
2015-01-05,0.02359566927222434
2015-01-06,0.0016126737181614281
2015-01-07,-0.01624283752426947
2015-01-09,-0.07875228651198618
2015-01-10,0.005225206395652604
2015-01-12,0.0929410541636344
2015-02-01,-0.02111671264149151
2015-02-02,-0.018171217568749287
2015-02-03,0.04780285035629461
2015-02-04,-0.02380277699064892
2015-02-06,0.020609579100145048
2015-02-07,-0.015547971179370346
2015-02-09,-0.06158513097072427
2015-02-10,0.001282774898660799
2015-02-11,0.07825151173516431
2015-02-12,-0.011691459531391057
2015-03-02,-0.014186102428468406
2015-03-03,0.028195121951219537
2015-03-06,0.002988898377455085
2015-03-08,-0.007615533796887508
2015-03-09,-0.0700190657769304
2015-03-11,0.08133873199733488
2015-03-12,-0.02853351028533524
2015-04-02,-0.003951990632318436
2015-04-03,0.02792064658339455
2015-04-05,0.007624493685966183
2015-04-06,-0.008843698273823475
2015-04-08,-0.001192861914304788
2015-04-09,-0.08221468494721262
2015-04-11,-0.0003
2015-04-12,-0.005342096751177505
2015-05-01,-0.03399149017545533
2015-05-02,0.02073641492625966
2015-05-03,-0.0003
2015-05-05,-0.0057735840076154395
2015-05-06,0.0015793251974156597
2015-05-08,0.0033448012232415447
2015-05-10,-0.05371940184779511
2015-05-11,0.056819325616507266
2015-06-01,-0.04633553978760907
2015-06-02,0.02641565964246495
2015-06-03,0.007686694234979363
2015-06-04,0.0044899338579633685
2015-06-05,-0.0001922522349322442
2015-06-07,-0.005480242284395587
2015-06-08,0.007153905645784775
2015-06-10,-0.04976962948742547
2015-06-11,0.060255568463053466
2015-07-01,-0.03491806402439013
2015-07-04,0.024877832074633455
2015-07-05,0.00563502384048542
2015-07-07,-0.0032088122605362646
2015-07-08,-0.0017777350694279104
2015-07-10,-0.039372352714670766
2015-07-12,0.04073554464375184
2015-08-01,-0.007221607048288448
2015-08-04,0.0096018621793319
2015-08-05,0.016427301983764853
2015-08-06,-0.017390482491375536
2015-08-07,-0.015678353291973313
2015-08-09,-0.03776811452582207
2015-08-10,0.022341829998984375
2015-08-12,0.024932949240091373
2015-09-01,-0.009110292692382171
2015-09-02,0.0009291862284821484
2015-09-03,0.01597693848634396
2015-09-04,0.005674713859767033
2015-09-06,-0.00526013771996936
2015-09-07,-0.013892894913950404
2015-09-09,-0.05328328377126712
2015-09-10,0.037538619979402776
2015-09-11,0.031614472182242226
2015-09-12,-0.014913884345232331
2015-10-02,0.010255909357296256
2015-10-03,-0.01179541719037025
2015-10-04,0.02832403874376288
2015-10-06,0.001474715760430012
2015-10-07,-0.013585407562226814
2015-10-08,0.013290956370991092
2015-10-09,-0.07218895542248827
2015-10-11,-0.0003
2015-10-12,-0.01447111015035788
2015-11-02,0.007942695643699427
2015-11-03,-0.013681411650954822
2015-11-05,-0.0003
2015-11-06,0.001409970075523648
2015-11-08,-0.011759685143914012
2015-11-09,-0.05906626361498968
2015-11-11,0.05813360530341671
2015-11-12,-0.03016867469879514
2015-12-01,0.007901013714967098
2015-12-02,0.029680027609328086
2015-12-03,-0.010821163514484033
2015-12-05,0.016070477757877732
2015-12-06,-0.002381973226620926
2015-12-08,-0.0038202569122773866
2015-12-10,-0.03288432961027754
2015-12-11,0.014126394052044633
2016-01-02,-0.05210166177908104
2016-01-03,-0.0003
2016-01-04,0.04746828590203719
2016-01-06,0.0127846391354689
2016-01-07,0.0017148573333967132
2016-01-08,0.032288744115269497
2016-01-09,4.606596646383743e-05
2016-01-11,-0.02726979593716905
2016-01-12,0.03760003788416921
2016-02-02,-0.13148646798411756
2016-02-03,-0.0003
2016-02-05,0.0
2016-02-06,0.011182655904679673
2016-02-08,0.02455707025127052
2016-02-09,0.01066295781177562
2016-02-11,-0.037660550458715525
2016-02-12,0.044806711473378114
2016-03-02,-0.12746931885578727
2016-03-03,-0.0003
2016-03-05,0.03481588241195951
2016-03-06,0.01730154114568183
2016-03-08,0.030822733552475112
2016-03-10,-0.0012015897957299293
2016-03-11,-0.03354617804923188
2016-04-01,-0.0003
2016-04-02,-0.0
2016-04-03,0.04381380840511625
2016-04-04,0.033050000000000024
2016-04-05,-0.0003
2016-04-08,0.0
2016-04-10,-0.006630283707605466
2016-04-11,-0.030365031388049357
2016-05-01,-0.03285056589295976
2016-05-02,-0.0003
2016-05-04,0.0
2016-05-05,0.0023403285742224725
2016-05-07,0.018531161611235802
2016-05-08,-0.0003
2016-05-10,-0.010928063585139125
2016-05-12,0.0208362272537852
2016-06-01,-0.09724679094661404
2016-06-04,-0.0003
2016-06-05,-0.0
2016-06-06,0.025124140780710756
2016-06-07,-0.0003
2016-06-09,0.041039238938896015
2016-06-10,-0.011753944660416127
2016-06-12,0.02378748611625303
2016-07-01,-0.12164361269324653
2016-07-03,-0.0003
2016-07-04,0.0
2016-07-06,0.034079744355746976
2016-07-07,-0.006723166516736767
2016-07-09,0.04208970875637519
2016-07-10,-0.014865977495197136
2016-07-11,-0.010307842317871518
2016-07-12,0.05151301900070382
2016-08-01,-0.14246196403872757
2016-08-02,-0.0003
2016-08-03,0.0
2016-08-04,0.0
2016-08-06,0.0
2016-08-07,0.004796503232504546
2016-08-08,0.023944786140194463
2016-08-09,0.00018341051859338542
2016-08-11,-0.01911704029707073
2016-08-12,0.04982239670966537
2016-09-02,-0.17540735464339763
2016-09-03,-0.0003
2016-09-05,0.034586643542954675
2016-09-06,-0.0003
2016-09-08,0.03099283857244136
2016-09-09,-0.02470550488151424
2016-09-11,0.016683898862674962
2016-09-12,0.0444690981371052
2016-10-02,-0.18039389245408277
2016-10-03,-0.0003
2016-10-05,0.0
2016-10-06,0.005313126079447195
2016-10-08,0.037879872143504745
2016-10-10,-0.00542404045047129
2016-10-11,0.001756250866571163
2016-11-01,-0.11247981545559393
2016-11-02,-0.0003
2016-11-03,0.0
2016-11-04,0.0
2016-11-05,0.0
2016-11-07,0.034914337612012424
2016-11-08,0.022740033688938954
2016-11-10,-0.022463171378900304
2016-11-11,0.012963916319558288
2016-12-01,-0.10427832193679543
2016-12-02,-0.0003
2016-12-04,0.0
2016-12-05,0.0
2016-12-07,0.04233359333365635
2016-12-08,0.014869197527995981
2016-12-09,-0.011492147795430618
2016-12-10,-0.009170912459472103
2016-12-12,0.055067314884068796
2017-01-02,0.010013291980505157
2017-01-03,0.05106158975258812
2017-01-05,-0.003213689482470694
2017-01-06,0.017501988862370643
2017-01-08,0.01901156331015197
2017-01-09,0.0001211484876628699
2017-01-11,0.04150851974481151
2017-01-12,0.024346747305574734
2017-02-02,-0.13677995609719162
2017-02-03,0.04432655208698688
2017-02-05,0.0039044460304797912
2017-02-06,0.020031783205085363
2017-02-08,0.01578451068016884
2017-02-10,0.020786244752986738
2017-02-11,0.020046656913526695
2017-03-01,-0.12481587719978293
2017-03-02,0.017539197448843913
2017-03-03,0.03730303821711489
2017-03-04,-0.010196802484159218
2017-03-05,0.012421570289977923
2017-03-07,0.01712658598886141
2017-03-08,0.017785096747632734
2017-03-10,0.02524067632068605
2017-03-11,0.020989505247376528
2017-04-01,-0.12249787464255346
2017-04-04,0.039369385238682275
2017-04-05,0.01241420218625544
2017-04-08,0.03653483992467055
2017-04-10,0.024588178294573604
2017-04-12,0.04007565906135491
2017-05-01,-0.1403349246040767
2017-05-04,0.03697664169237558
2017-05-05,0.019720345106039483
2017-05-06,0.015337806860334258
2017-05-07,-0.0014777718484462188
2017-05-09,0.01040082219938343
2017-05-10,0.03836764586215313
2017-05-12,0.030367148622702844
2017-06-01,-0.13408883480377243
2017-06-02,0.00685111989459819
2017-06-03,0.036072581348687294
2017-06-04,-0.00749379025807273
2017-06-06,0.030455991516437075
2017-06-07,-0.008027003663606758
2017-06-09,0.02311395136525851
2017-06-10,0.03398904887446763
2017-06-11,0.016396657906091683
2017-06-12,0.014742773339508464
2017-07-02,-0.12786673259042336
2017-07-03,0.03283764336487738
2017-07-04,-0.005446715081911857
2017-07-06,0.03294417321163223
2017-07-07,-0.0032468866877646274
2017-07-08,0.022967177964704044
2017-07-09,-0.006368656535934658
2017-07-11,0.050910713561316046
2017-07-12,0.017910908669806158
2017-08-02,-0.12980659840728104
2017-08-03,0.02976423933411776
2017-08-05,0.015404147270418944
2017-08-06,0.01433691756272415
2017-08-08,0.016887172323116095
2017-08-09,-0.005454765849125187
2017-08-11,0.05403428942878041
2017-08-12,0.022008942337341963
2017-09-01,-0.1442956816896096
2017-09-02,0.017188946185376253
2017-09-03,0.024697777200052062
2017-09-05,0.013531227536047963
2017-09-06,0.014560473945512964
2017-09-08,0.017353400773089778
2017-09-10,0.028577202910266664
2017-09-11,0.01567964789562626
2017-10-01,-0.12214656039619276
2017-10-02,0.0208030323064039
2017-10-03,0.024394456197919023
2017-10-04,-0.00649076961982642
2017-10-05,0.017987442728661263
2017-10-07,0.01158526421070194
2017-10-08,0.0044492049106037435
2017-10-10,0.04609958165860073
2017-10-11,0.01242844820826483
2017-11-01,-0.11888626418309256
2017-11-04,0.03450094493033884
2017-11-05,0.017248704222958544
2017-11-07,0.012988640160374265
2017-11-08,0.006514120799835155
2017-11-09,0.019170114283373563
2017-11-10,0.02696836943852743
2017-11-12,0.041014402003757056
2017-12-01,-0.14646616541353386
2017-12-04,0.032813601127554604
2017-12-05,0.019617041238432442
2017-12-06,0.016102722824041127
2017-12-07,0.005680414917263343
2017-12-09,0.0218156516044532
2017-12-10,0.021790506709393087
2017-12-12,0.0443764945705436
2018-01-02,0.05926954693892883
2018-01-03,-0.05113394755492562
2018-01-05,-0.008552115621615397
2018-01-06,0.030058761488624297
2018-01-08,0.028815914576172164
2018-01-10,0.03952512973626221
2018-01-11,-0.06298297203036307
2018-02-01,-0.016274996350897686
2018-02-02,0.0245938125973737
2018-02-03,-0.02566887513124072
2018-02-04,-0.04061385255648031
2018-02-05,0.02083736782989254
2018-02-07,0.034525932389877445
2018-02-08,0.03685774012542642
2018-02-10,0.03402659875495195
2018-02-11,-0.06851611137716362
2018-03-01,-0.003672285263119246
2018-03-04,-0.036379049795436935
2018-03-05,0.005852203182374449
2018-03-07,0.0317526714073848
2018-03-08,0.04684505381099813
2018-03-10,0.02999683132063513
2018-03-12,-0.04618014014698335
2018-04-01,-0.02379587155963303
2018-04-04,-0.02911160058737161
2018-04-05,0.007070745264113221
2018-04-06,0.03135090485845171
2018-04-09,0.054534202191561354
2018-04-10,0.0016915800738772635
2018-04-12,-0.06944444444444442
2018-05-01,0.01596237176400872
2018-05-02,-0.0343759113444152
2018-05-03,0.027181094039035125
2018-05-04,-0.021353228711088246
2018-05-06,0.03229683040408582
2018-05-07,-0.004438300349243418
2018-05-09,0.05554337499086448
2018-05-10,-0.0010385653950010232
2018-05-11,-0.05104657610202379
2018-06-02,-0.015776211518095273
2018-06-03,0.012244443619902734
2018-06-04,-0.045306257102012304
2018-06-06,0.06442695334997128
2018-06-07,-0.004508891534105275
2018-06-08,0.0328284658308573
2018-06-09,0.009717934325006894
2018-06-11,-0.04263229213717379
2018-06-12,-0.021593960949408464
2018-07-02,-0.005267257687599836
2018-07-03,0.016817690271096808
2018-07-05,-0.019876778641631287
2018-07-06,0.03659357928608853
2018-07-08,0.03176436615651168
2018-07-09,0.004652952700811452
2018-07-11,-0.020127450638994238
2018-07-12,-0.06425246099719262
2018-08-01,0.04352284379628579
2018-08-02,-0.06066892309931937
2018-08-03,0.06121658271987607
2018-08-05,-0.024497991967871502
2018-08-06,0.04008383547288452
2018-08-08,0.02831953940266274
2018-08-10,0.009343178080274406
2018-08-11,-0.02690334211621126
2018-09-01,-0.019773407439076518
2018-09-02,-0.047868280449242295
2018-09-03,0.06375019086883493
2018-09-04,-0.06222636905189127
2018-09-05,0.0323741007194247
2018-09-07,0.03202609533694112
2018-09-08,0.024926370232023487
2018-09-10,0.009356602186711527
2018-09-11,-0.03447557546088953
2018-10-01,-0.011794318590435116
2018-10-04,-0.03322174514227483
2018-10-05,0.02491625578681922
2018-10-07,0.025963056810253127
2018-10-08,0.014138449423723998
2018-10-09,0.015459005400063397
2018-10-10,-0.031768099822738205
2018-10-12,-0.053128477581936284
2018-11-01,0.0492474504302991
2018-11-04,-0.04531001589825123
2018-11-05,0.03235939747180372
2018-11-06,0.01990688125527007
2018-11-07,-0.0028756290438533005
2018-11-09,0.04105984138428265
2018-11-10,-0.05523044426746082
2018-11-12,-0.03357278991350243
2018-12-01,0.05665958737864063
2018-12-02,-0.04673031368889524
2018-12-03,0.04781626506024095
2018-12-04,-0.04275961192957245
2018-12-06,0.046096096096096106
2018-12-07,0.0041265968135495434
2018-12-09,0.03237680020012146
2018-12-10,-0.04216137630239891
2018-12-11,-0.01478081746232518
2018-12-12,-0.027547502017460146
2019-01-02,0.020896986156689668
2019-01-03,0.03591354147422865
2019-01-04,0.02264864286478585
2019-01-05,0.01970563616071419
2019-01-07,0.013886513664192801
2019-01-08,-0.003609621158452314
2019-01-10,-0.004536836403033595
2019-01-11,0.04309230664580643
2019-02-01,-0.1815840099122893
2019-02-04,0.14231075697211137
2019-02-05,0.017543247767857206
2019-02-07,0.01902313624678653
2019-02-08,-0.013757147662293967
2019-02-10,-0.01517683571501649
2019-02-12,0.07836958027427632
2019-03-01,-0.21387970069687534
2019-03-04,0.17382246006781332
2019-03-05,0.025127027215145814
2019-03-06,-0.06830526887561106
2019-03-07,0.09160472234368178
2019-03-09,-0.029875158555310755
2019-03-10,0.0014795444379449574
2019-03-12,0.06273620559334847
2019-04-01,-0.18146256304151032
2019-04-02,-0.0003
2019-04-03,0.0
2019-04-04,0.0
2019-04-06,-0.0
2019-04-09,0.04767916740983843
2019-04-10,0.0048335489141533294
2019-04-11,0.04278455284552862
2019-04-12,0.011207484650618937
2019-05-02,-0.12050244153174006
2019-05-03,0.018994046097088768
2019-05-04,0.03692153278130261
2019-05-06,-0.022988903100909175
2019-05-07,-0.0003
2019-05-08,-0.04902257891920817
2019-05-09,0.04615600942102871
2019-05-11,0.03313172043010759
2019-05-12,0.013920509985038798
2019-06-02,-0.12375697696798615
2019-06-03,-0.0003
2019-06-05,0.0
2019-06-06,-0.030649531116794505
2019-06-08,0.013469315983822838
2019-06-09,0.033624817822194286
2019-06-11,0.03293383019438023
2019-06-12,0.022458398335933438
2019-07-01,-0.18951651355732868
2019-07-02,-0.0003
2019-07-03,0.015516119138243323
2019-07-05,0.04918330968751139
2019-07-06,-0.003744669047536453
2019-07-08,0.003723941113005891
2019-07-10,0.019001386962552047
2019-07-11,0.04981625153123703
2019-08-01,-0.1655646311422273
2019-08-02,-0.0003
2019-08-03,0.0
2019-08-04,0.05536694615580925
2019-08-05,-0.005663374542440813
2019-08-07,0.033513926512467984
2019-08-08,-0.012702039719076685
2019-08-10,-0.01531602055750314
2019-08-11,0.06912999896305005
2019-09-01,-0.1642688564870195
2019-09-04,-0.0003
2019-09-05,-0.002905795288722068
2019-09-07,0.037934998432438194
2019-09-08,-0.020438985098671036
2019-09-09,0.02045431185116664
2019-09-10,-0.01980929358044592
2019-09-12,0.07419332739604023
2019-10-01,-0.17200255102040818
2019-10-04,-0.0003
2019-10-05,-0.0026544075895020055
2019-10-06,0.0018393836329562152
2019-10-07,0.03685869678179232
2019-10-09,-0.0045771942133573384
2019-10-10,-0.01386185137947249
2019-10-12,0.0661652088084137
2019-11-01,-0.1711731843575418
2019-11-02,-0.0003
2019-11-03,0.0
2019-11-04,0.0
2019-11-06,-0.0012001834989441625
2019-11-07,0.03957445333887799
2019-11-09,0.0003333444448148093
2019-11-10,-0.010196940917724606
2019-11-11,0.039288960711039156
2019-11-12,0.017687074829932037
2019-12-02,-0.12633689839572193
2019-12-03,-0.0003
2019-12-04,0.04121889665054642
2019-12-06,-0.009493017816605831
2019-12-07,0.046531009097853904
2019-12-08,-0.04313491273475345
2019-12-09,0.04362299743394127
2019-12-11,0.027312599681020844
2019-12-12,0.024839899087909956
2020-01-04,-0.22031812156788488
2020-01-05,-0.0003
2020-01-06,0.07918563959444655
2020-01-07,0.019700886867166423
2020-01-09,0.1318399178407521
2020-01-10,-0.04137011937505308
2020-01-12,0.08329389493610972
2020-02-01,-0.11047400611620795
2020-02-03,-0.05144576094296771
2020-02-04,-0.18228593618536004
2020-02-06,-0.0003
2020-02-07,0.015669877953778243
2020-02-09,0.14402555910543136
2020-02-10,-0.06490169794459344
2020-02-11,-0.011408433878867585
2020-02-12,0.10839224216059451
2020-03-01,-0.11834287271736166
2020-03-02,0.004358847533077803
2020-03-03,-0.07556403705869674
2020-03-04,-0.17137244456282885
2020-03-06,-0.0003
2020-03-08,0.054680947196515915
2020-03-09,0.04871608085958834
2020-03-11,-0.024861798500766974
2020-03-12,0.08829989314970921
2020-04-02,-0.10066272124798858
2020-04-03,-0.05079451722464823
2020-04-05,-0.09181815277467176
2020-04-06,0.09483941323389744
2020-04-08,0.06239758378048377
2020-04-09,0.03644336912142743
2020-04-11,0.004785526699737419
2020-04-12,0.0742580008131497
2020-05-02,-0.09851044848746993
2020-05-03,-0.09320178726722039
2020-05-05,-0.05142365818975492
2020-05-06,-0.0003
2020-05-08,0.04162366699020011
2020-05-10,0.024280305306809247
2020-05-11,0.02986563398462727
2020-06-01,-0.0752335916134913
2020-06-02,0.030650278778917572
2020-06-03,-0.1116026062526152
2020-06-04,-0.10385547032700859
2020-06-05,-0.0003
2020-06-07,0.11601091138884986
2020-06-08,0.05330691574676849
2020-06-10,0.0034933715514153807
2020-06-11,0.04418459341247871
2020-07-01,-0.07756311620219991
2020-07-02,0.027956258494995723
2020-07-04,-0.2008294016888541
2020-07-05,-0.0003
2020-07-07,0.09136319589060135
2020-07-08,0.06549454741995997
2020-07-10,0.020320472652403554
2020-07-12,0.07972158858279221
2020-08-01,-0.11887865655471297
2020-08-04,-0.15465248532169318
2020-08-05,-0.0003
2020-08-06,0.0
2020-08-07,-0.019635478282390796
2020-08-09,0.051074166377488295
2020-08-10,0.03451587730355965
2020-08-12,0.07409771382151553
2020-09-01,-0.11547188158392307
2020-09-03,-0.16126668091733587
2020-09-04,-0.0003
2020-09-06,0.0
2020-09-07,-0.017480094786729884
2020-09-09,0.07832873322546874
2020-09-10,0.022977346278317157
2020-09-11,0.02110954531074749
2020-09-12,0.034445852696803225
2020-10-01,-0.11095077325201486
2020-10-02,0.026582549842280923
2020-10-03,-0.1401807821962352
2020-10-06,0.10682811741031162
2020-10-07,-0.0015986959656436595
2020-10-08,0.055102040816326525
2020-10-09,-0.006338342508555361
2020-10-11,0.061781264973646444
2020-10-12,0.03457904385841215
2020-11-02,-0.0845942040838581
2020-11-03,-0.18357257728274468
2020-11-05,-0.0003
2020-11-06,0.02420261065419923
2020-11-08,0.11045601412344697
2020-11-09,0.0021897591264961047
2020-11-11,0.06935049386411252
2020-11-12,0.025414952276989533
2020-12-02,-0.07754879213866517
2020-12-03,-0.2659643723737942
2020-12-05,-0.0003
2020-12-06,0.05934948956482363
2020-12-08,0.11146549173051001
2020-12-10,0.04552850338727321
2020-12-11,0.0007922585026314266
2021-01-02,0.06697766468758837
2021-01-03,0.03389067012904423
2021-01-04,0.030268081398328928
2021-01-06,0.04529963431926154
2021-01-07,0.028058067586863356
2021-01-09,0.04726961272251695
2021-01-10,-0.03693552308746495
2021-01-11,0.05891668579297682
2021-01-12,-0.021826299932808824
2021-02-02,-0.15216042543762465
2021-02-03,0.01149935969474436
2021-02-06,0.08728005580962717
2021-02-07,0.034267246500796045
2021-02-08,0.008018748707579793
2021-02-09,0.03412199124726478
2021-02-11,0.02065286869889138
2021-02-12,-0.011553578369973616
2021-03-02,-0.16318192742129312
2021-03-03,-0.0027413712077698493
2021-03-05,0.09765164803518611
2021-03-06,4.7701958165280445e-05
2021-03-08,0.05490233489947305
2021-03-09,0.025389432750785534
2021-03-11,0.027605062398024627
2021-03-12,-0.026219800025747864
2021-04-01,-0.18458046888771373
2021-04-02,0.04620747426162608
2021-04-03,-0.02665495777048832
2021-04-05,0.10513466896643231
2021-04-06,0.01565538934377031
2021-04-08,0.040852029598808626
2021-04-10,-0.023213028368955335
2021-04-11,0.08826880595279629
2021-05-01,-0.20367086173372373
2021-05-02,0.04290429042904287
2021-05-03,-0.011551919316661552
2021-05-04,0.06142793930086676
2021-05-05,0.021996615905245376
2021-05-08,0.06274594490834051
2021-05-10,-0.018830010611636805
2021-05-11,0.08095358630370253
2021-06-01,-0.2021075039914848
2021-06-04,0.08692404151436728
2021-06-05,0.03134588477871336
2021-06-07,0.033772848438689884
2021-06-08,0.021411304247726415
2021-06-10,-0.01643187197114837
2021-06-12,0.0522733522779355
2021-07-01,-0.1715922207461288
2021-07-04,0.0725853094274147
2021-07-05,0.03742738792617484
2021-07-06,-0.001441194537636581
2021-07-07,0.031136874482432297
2021-07-09,0.037149216401642926
2021-07-10,-0.026592920353982308
2021-07-12,0.0652302377380789
2021-08-01,-0.18394213535888038
2021-08-02,0.02376656992705306
2021-08-03,-0.024083154561242104
2021-08-04,0.07220056001884156
2021-08-06,0.031753392560773364
2021-08-07,0.022118136872235183
2021-08-09,0.0447370857248659
2021-08-10,-0.02720365078310183
2021-08-11,0.07068521850021625
2021-08-12,-0.0001063445136865182
2021-09-02,-0.16804220199098108
2021-09-03,-0.00915320106361217
2021-09-04,0.06538679878206133
2021-09-06,0.021991862042239907
2021-09-07,0.035548393212626817
2021-09-08,0.014372024899304225
2021-09-09,0.01373973468098555
2021-09-11,0.04270803195869388
2021-09-12,-0.0037991974728933675
2021-10-02,-0.1622959249260829
2021-10-03,-0.0028389472876544364
2021-10-05,0.0742792654149993
2021-10-06,0.012128736510361948
2021-10-08,0.04661256840913386
2021-10-09,0.004913451135953872
2021-10-11,0.04218813080339112
2021-10-12,0.014052983837992583
2021-11-01,-0.19363327674023767
2021-11-02,0.030740077902937202
2021-11-03,0.005847206618323053
2021-11-05,0.05401974970172363
2021-11-06,0.022952241034656984
2021-11-08,0.04715826152469749
2021-11-10,-0.019448254153832334
2021-11-11,0.06605980005503076
2021-12-01,-0.18241455703009057
2021-12-02,0.035146795748711046
2021-12-03,0.0021602114465792965
2021-12-04,0.04683894200289096
2021-12-05,-0.015746124031007724
2021-12-07,0.07915333497415711
2021-12-08,0.017379008347397695
2021-12-10,-0.02470408895265419
2021-12-11,0.07638026938813014
2022-01-02,-0.02912725020820428
2022-01-03,-0.052840646651270196
2022-01-04,0.05563992884777025
2022-01-06,-0.097809875359118
2022-01-07,-0.06727250117647621
2022-01-08,0.07667312362593548
2022-01-09,-0.03685206002967012
2022-01-11,-0.027918877698929867
2022-01-12,0.057174347138300385
2022-02-02,0.12579938526751633
2022-02-03,-0.04420185645182373
2022-02-05,-0.052697570294582996
2022-02-06,0.005159576260173493
2022-02-08,-0.020501242572100176
2022-02-09,-0.04080230935253548
2022-02-11,-0.04193656893274145
2022-02-12,0.08298822509302628
2022-03-01,0.1780337451187466
2022-03-02,-0.0665471375557688
2022-03-03,-0.025441104212265975
2022-03-05,-0.04308707021214675
2022-03-06,-0.01603168976979885
2022-03-08,0.011349530490149862
2022-03-10,-0.11473417453437529
2022-03-11,-0.0003
2022-04-01,0.0
2022-04-02,-0.06142443934494627
2022-04-03,-0.03813576269303409
2022-04-04,-0.0003
2022-04-05,-0.06193914250301139
2022-04-08,-0.03447073022694458
2022-04-10,-0.08694971507295379
2022-04-11,-0.0003
2022-05-01,0.0
2022-05-04,-0.037631404501553146
2022-05-05,-0.0003
2022-05-07,-0.0
2022-05-08,0.0
2022-05-10,-0.08760842253310444
2022-05-12,-0.0003
2022-06-01,0.0
2022-06-04,-0.04607202359404631
2022-06-05,-0.07984780692456162
2022-06-06,-0.0003
2022-06-07,-0.0
2022-06-09,0.0
2022-06-10,-0.0421787213518278
2022-06-12,-0.0003
2022-07-01,0.18637634208349604
2022-07-02,-0.04128714988240334
2022-07-03,-0.06307232543098629
2022-07-04,-0.0003
2022-07-06,-0.07574759022356728
2022-07-07,-0.0003
2022-07-09,0.01949439453495346
2022-07-10,-0.08548269164570699
2022-07-11,-0.0003
2022-07-12,0.0
2022-08-02,0.0
2022-08-03,-0.07788487227689925
2022-08-04,-0.0003
2022-08-06,-0.0
2022-08-07,-0.052875824207864
2022-08-08,-0.0003
2022-08-09,-0.0
2022-08-11,-0.0
2022-08-12,0.0
2022-09-02,0.0
2022-09-03,-0.0
2022-09-05,-0.0673051520846775
2022-09-06,-0.0003
2022-09-08,0.0
2022-09-09,-0.0
2022-09-11,-0.0
2022-09-12,0.0
2022-10-01,0.0
2022-10-02,-0.0
2022-10-03,-0.05460163628693852
2022-10-05,-0.0606805461648261
2022-10-06,-0.025040926756726423
2022-10-08,-0.0003
2022-10-10,-0.0
2022-10-11,0.0
2022-11-01,0.0
2022-11-02,-0.06277692601472487
2022-11-03,-0.0003
2022-11-04,0.0
2022-11-05,-0.1084805676108718
2022-11-07,-0.020520027038153255
2022-11-08,-0.0003
2022-11-10,-0.0
2022-11-11,0.0
2022-12-01,0.0
2022-12-04,-0.06989842586323627
2022-12-05,-0.0003
2022-12-07,-0.0
2022-12-08,0.0
2022-12-09,-0.03995748863941676
2022-12-10,-0.0003
2022-12-12,0.0
2023-01-02,0.0
2023-01-03,-0.0
2023-01-05,0.0
2023-01-06,0.0
2023-01-08,0.08397110035015218
2023-01-09,-0.013319553480323099
2023-01-11,-0.06154210688321171
2023-01-12,0.08418635820909626
2023-02-02,-0.0902945394950192
2023-02-03,-0.0003
2023-02-05,0.0
2023-02-06,0.0
2023-02-08,0.05364676312415791
2023-02-10,-0.04985166360540527
2023-02-11,0.006853387868174243
2023-03-01,-0.11432727003228504
2023-03-02,-0.0003
2023-03-03,-0.0
2023-03-04,0.0
2023-03-05,-0.0
2023-03-07,0.0
2023-03-08,0.0
2023-03-10,-0.060816805164053446
2023-03-11,-0.0003
2023-04-01,-0.11625469834845384
2023-04-04,0.06426990088165763
2023-04-05,-0.0003
2023-04-08,0.10233172150240574
2023-04-10,-0.04785139894105217
2023-04-12,0.07177484608619178
2023-05-01,-0.0003
2023-05-04,0.0
2023-05-05,0.0
2023-05-06,0.0
2023-05-07,0.04018631308510697
2023-05-09,0.01124623888531584
2023-05-10,-0.05306849491753085
2023-05-12,0.07256369490323378
2023-06-01,-0.0003
2023-06-02,0.0
2023-06-03,-0.0
2023-06-04,0.0
2023-06-06,0.0
2023-06-07,0.029518971252494773
2023-06-09,0.012215550402462583
2023-06-10,-0.03515411557100234
2023-06-11,-0.0003
2023-06-12,0.0
2023-07-02,-0.08500239639156451
2023-07-03,-0.0003
2023-07-06,0.0
2023-07-07,0.03049774670065971
2023-07-08,0.027163300333034046
2023-07-09,-0.014894521117907789
2023-07-11,-0.0003
2023-07-12,0.0
2023-08-02,-0.10229996074659978
2023-08-03,-0.03056199093703993
2023-08-05,-0.0003
2023-08-06,0.037352363875383175
2023-08-08,0.047846611379319226
2023-08-09,-0.0003
2023-08-11,-0.0
2023-08-12,0.05025923409342933
2023-09-01,-0.15469651657012784
2023-09-02,0.04866537001970661
2023-09-03,-0.03998039936297926
2023-09-05,0.051259213132158754
2023-09-06,0.04362286577150232
2023-09-08,-0.0003
2023-09-10,-0.0
2023-09-11,0.0023962446317286838
2023-10-01,-0.0003
2023-10-02,0.0
2023-10-03,-0.056252142301843756
2023-10-04,-0.0003
2023-10-05,0.0066431093351115526
2023-10-07,0.06571137169980945
2023-10-08,0.013448145267182632
2023-10-10,-0.0003
2023-10-11,0.012778673960130738
2023-11-01,-0.0003
2023-11-04,0.0
2023-11-05,0.004976299970308651
2023-11-07,-0.0003
2023-11-08,0.005284264044007359
2023-11-09,0.005244116889371764
2023-11-10,-0.024626403355127446
2023-11-12,-0.0003
2023-12-01,-0.1385970898486513
2023-12-04,-0.0003
2023-12-05,0.007552002101687461
2023-12-06,0.05209646757579889
2023-12-07,0.030705726987990012
2023-12-09,-0.002294193409895895
2023-12-10,-0.025166408928931627
2023-12-12,-0.0003
2024-01-02,0.05622604604087252
2024-01-03,0.04706095768814511
2024-01-04,0.020768607847259535
2024-01-05,-0.042980527368667976
2024-01-07,0.09100528257070484
2024-01-08,-0.005188955797986838
2024-01-10,0.048115549288741066
2024-01-11,0.0035121523976351376
2024-02-01,-0.17210759670437092
2024-02-02,0.04549604350145375
2024-02-04,0.04985268048908886
2024-02-05,-0.027202298969804972
2024-02-07,0.08783420875952785
2024-02-08,-0.029488056837798426
2024-02-10,0.06789038185300456
2024-03-01,-0.17597389632089444
2024-03-04,-0.0003
2024-03-05,-0.016360665951580068
2024-03-06,0.030346406541609472
2024-03-07,0.04800317977060242
2024-03-09,-0.00146107472972834
2024-03-10,0.030930035287116908
2024-04-01,-0.17741590262353624
2024-04-03,0.09432718803586493
2024-04-04,0.0031690037907210478
2024-04-06,0.028001577553665058
2024-04-09,0.043227235445085554
2024-04-10,0.04184729541473198
2024-04-11,-0.006673540749808304
2024-05-01,-0.17775338763349668
2024-05-02,0.052279636552528874
2024-05-03,0.027482343039687773
2024-05-04,0.024748702903330644
2024-05-06,0.028762532809155417
2024-05-07,0.039813000674258525
2024-05-08,-0.06841153256849497
2024-05-09,0.06113764453862358
2024-05-11,0.05075943823920093
2024-06-02,-0.14327587518762674
2024-06-03,0.030384136384463467
2024-06-05,0.014884147344831122
2024-06-06,0.033242355339198726
2024-06-08,-0.02109673900047826
2024-06-09,0.03213531220241106
2024-06-11,0.0962610152318053
2024-07-02,-0.1575263449057519
2024-07-03,0.03249210219697041
2024-07-05,0.005882854793925585
2024-07-06,0.030705322204445107
2024-07-08,-0.02758374337711489
2024-07-10,0.09547841138571012
2024-07-11,0.048659220427181626
2024-08-01,-0.20250121377509167
2024-08-02,0.049200804443753965
2024-08-03,0.025166519605194893
2024-08-04,0.015360023732895689
2024-08-05,-0.002829468763395293
2024-08-07,0.07424913304045955
2024-08-08,-0.045495572283481556
2024-08-10,0.08117970187862711
2024-08-11,0.04249773522768563
2024-09-01,-0.2066602841445474
2024-09-02,0.056787553873646424
2024-09-04,0.03646592832943085
2024-09-05,0.0008003977036070697
2024-09-07,0.06960000613722839
2024-09-08,-0.04174660837944544
2024-09-09,0.023743675339061854
2024-09-10,0.05867063909121639
2024-10-01,-0.17413381123058547
2024-10-04,0.0788531290177592
2024-10-05,0.0120217647423575
2024-10-06,0.026444277650554904
2024-10-07,0.050947714795767096
2024-10-09,-0.024563757674510134
2024-10-10,0.05177490028241172
2024-11-01,-0.17297601231823256
2024-11-03,0.07064498853614043
2024-11-04,0.01585012719961565
2024-11-06,0.033902282335652956
2024-11-07,0.0389223339261664
2024-11-09,-0.005445390309676279
2024-11-10,0.046974053542138794
2024-11-11,0.03204110726857823
2024-11-13,-0.0026610679263833203
2024-11-14,-0.0060497412027306074
2024-11-15,-0.013203522508181798
2024-11-18,0.003917814472747416
2024-11-19,0.003963608105035599
2024-11-20,2.1970667468895755e-05
2024-11-21,0.005340444913141784
2024-11-22,0.0034679787718681077
2024-11-25,0.0030204344198856425
2024-11-26,0.005722044904524104
2024-11-27,-0.0038012963267421984
2024-11-29,0.005607844313972654
2024-12-01,-0.20697469323882123
2024-12-02,0.2640812905140859
2024-12-03,0.00045145233705135013
2024-12-04,0.006051359696390701
2024-12-05,-0.0018697147288503357
2024-12-06,0.002495428066323191
2024-12-07,-0.07798012239194652
2024-12-08,-0.048253448137694055
2024-12-09,0.13256143357801364
2024-12-10,-0.0029638930421207466
2024-12-11,0.008165821859812183
2024-12-12,-0.0054140321061636465
2024-12-13,-2.6440818012729572e-05
2024-12-16,0.00379931549522472
2024-12-17,-0.0038639596449174807
2024-12-18,-0.029492894104891865
2024-12-19,-0.0008650990436227524
2024-12-20,0.010869120584686254
2024-12-23,0.007287319692792726
2024-12-24,0.011042722967758989
2024-12-26,-0.00040562645280495246
2024-12-27,-0.011055735815118317
2024-12-30,-0.010702011777237508
2024-12-31,-0.004284790432948271
2025-01-02,-0.002223873314030289
2025-01-03,0.012595956411720177
2025-01-06,0.005538101159955344
2025-01-07,-0.011103896321238205
2025-01-08,0.0015603237756451893
2025-01-10,-0.01541165040341319
2025-01-13,0.0015754139322881056
2025-01-14,0.001146289893115604
2025-01-15,0.018312792769356268
2025-01-16,-0.002112636997870454
2025-01-17,0.009991006073426734
2025-01-21,0.00876821430596375
2025-01-22,0.006137961132307579
2025-01-23,0.00531351199483443
2025-01-24,-0.0028551769899211044
2025-01-27,-0.0145806426234667
2025-01-28,0.009217800900823026
2025-01-29,-0.004678873378710091
2025-01-30,0.0052754370946348494
2025-01-31,-0.005046803169735048
2025-02-03,-0.007608603880785325
2025-02-04,0.007224871842350655
2025-02-05,0.003908656680821743
2025-02-06,0.00364432448840879
2025-02-07,-0.009464837258386094
2025-02-10,0.006712589964470439
2025-02-11,0.00033957312690802155
2025-02-12,-0.002723902117491961
2025-02-13,0.010426357037460532
2025-02-14,-7.195338728738232e-05
2025-02-18,0.0024449557863681637
2025-02-19,0.002376998097748828
2025-02-20,-0.004334204080303938
2025-02-21,-0.0170641044083224
2025-02-24,-0.0049691258961639395
2025-02-25,-0.004679730915472358
2025-02-26,0.0001360144410393893
2025-02-27,-0.01586451446090209
2025-02-28,0.015854114170776867
2025-03-03,-0.017596775547904953
2025-03-04,-0.012234773630190987
2025-03-05,0.011159281084776262
2025-03-06,-0.017819030128555013
2025-03-07,0.005520587189728143
2025-03-10,-0.026973068524487775
2025-03-11,-0.0003
2025-03-12,0.004586873280486537
2025-03-13,-0.013891022092047178
2025-03-14,0.021265883307494793
2025-03-17,0.006416099479689574
2025-03-18,-0.010653519220738983
2025-03-19,-0.0003
2025-03-20,-0.0
2025-03-21,0.0005246672635350284
2025-03-24,0.017646041682840563
2025-03-25,0.0015743198608773046
2025-03-26,-0.01115698545004451
2025-03-27,-0.0033069570393192693
2025-03-28,-0.019737200328104554
2025-03-31,0.0055384935154294546
2025-04-01,-0.0003
2025-04-02,0.0
2025-04-03,-0.04869560075260485
2025-04-04,-0.05974961641947041
2025-04-07,-0.0003
2025-04-08,-0.0
2025-04-09,0.0
2025-04-10,-0.034907561069471606
2025-04-11,-0.0003
2025-04-14,0.0
2025-04-15,-0.0020277195396940836
2025-04-16,-0.022408428964001637
2025-04-17,0.0013268381447011368
2025-04-21,-0.0003
2025-04-22,0.0
2025-04-23,0.0
2025-04-24,0.0
2025-04-25,0.0070731441792452835
2025-04-28,0.0006406996295162948
2025-04-29,0.0058023965634184105
2025-04-30,0.0014799948928487794
2025-05-01,-0.0003
2025-05-02,0.014426612825518126
2025-05-05,-0.0003
2025-05-06,-0.0
2025-05-07,0.0
2025-05-08,0.0
2025-05-09,-0.0
2025-05-12,0.0
2025-05-13,0.0
2025-05-14,0.0
2025-05-15,0.0
2025-05-16,0.0
2025-05-19,0.0
2025-05-20,-0.0
2025-05-21,-0.0
2025-05-22,-0.0
2025-05-23,-0.007008307585916562
2025-05-27,-0.0003
2025-05-28,-0.0
2025-05-29,0.0
2025-05-30,-0.0
2025-06-02,0.0
2025-06-03,0.005500260784307065
2025-06-04,7.369727504324963e-05
2025-06-05,-0.0003
2025-06-06,0.0
2025-06-09,0.0
2025-06-10,0.0
2025-06-11,-0.0
2025-06-12,0.0
2025-06-13,-0.0
2025-06-16,0.009092719053299414
2025-06-17,-0.008352242873078675
2025-06-18,-0.00030922389816012696
2025-06-20,-0.002178612810510794
2025-06-23,-0.0003
2025-06-24,0.0
2025-06-25,-0.0003032828970910614
2025-06-26,0.008020143922681022
2025-06-27,0.005219002706390752
2025-06-30,0.0051643671625301035
2025-07-01,-0.0011184618731818752
2025-07-02,0.004745071401949907
2025-07-03,0.00833892687501403
2025-07-07,-0.00786227873904155
2025-07-08,-0.0007158931489344988
2025-07-09,0.0060621442064277
2025-07-10,0.00274617371784025
2025-07-11,-0.0032975291618766445
2025-07-14,0.0014074044490595128
2025-07-15,-0.003956251515499609
2025-07-16,0.003193588478737075
2025-07-17,0.005373820585277134
2025-07-18,-9.051412020266714e-05
2025-07-21,0.0013991255862113583
2025-07-22,0.0006375285460542557
2025-07-23,0.007811880905664648
2025-07-24,0.000698232873244109
2025-07-25,0.003974321701619488
2025-07-28,0.00017687645570885202
2025-07-29,-0.0029594179446209568
2025-07-30,-0.001249438851269713
2025-07-31,-0.0036948561190650597
2025-08-01,-0.01599207494727417
2025-08-04,0.01473707159815385
2025-08-05,-0.004857865951336082
2025-08-06,0.007281888623775545
2025-08-07,-0.0007974707882983934
2025-08-08,0.007799684542586727
2025-08-11,-0.002504127898332431
2025-08-12,0.011345503612643082
2025-08-13,0.0032300302834731287
2025-08-14,0.00030309684562790373
2025-08-15,-0.0028970988816641174
2025-08-18,-0.00010077831870769494
2025-08-19,-0.005858136343549147
2025-08-20,-0.002431617579394141
2025-08-21,-0.00400420277120217
2025-08-22,0.01518640789806236
2025-08-25,-0.0042663343080389105
2025-08-26,0.004133976879546308
2025-08-27,0.002390990327779008
2025-08-28,0.003156725398833604
2025-08-29,-0.0063981691392923645
2025-09-02,-0.006922322011807647
2025-09-03,0.005100116280157385
2025-09-04,0.00834643764364329
2025-09-05,-0.003165141001033489
2025-09-08,0.0021059939828742547
2025-09-09,0.0026881596267984698
2025-09-10,0.0029834428900241683
2025-09-11,0.008485863528086224
2025-09-12,-0.0004827346462299431
2025-09-15,0.004706657817319604
2025-09-16,-0.00128792734396721
2025-09-17,-0.0009702183823840915
2025-09-18,0.004789139969850087
2025-09-19,0.004885433567150432
2025-09-22,0.004410025868950784
2025-09-23,-0.005502147525676904
2025-09-24,-0.002846661819580154
2025-09-25,-0.005009061505249379
2025-09-26,0.00590183989631643
2025-09-29,0.0026355795716241914
2025-09-30,0.0040908483593822265
2025-10-01,0.0033998857734067744
2025-10-02,0.0006183692931220897
2025-10-03,6.552152903416264e-05
2025-10-06,0.0036466298082578064
2025-10-07,-0.003811414362608012
2025-10-08,0.005827608238179849
2025-10-09,-0.002755518440207827
2025-10-10,-0.027111658161485086
2025-10-13,0.015598602672868944
2025-10-14,-0.0015643032313906735
2025-10-15,0.004026001195007511
2025-10-16,-0.0062943520220175575
2025-10-17,0.005270724249404557
2025-10-20,0.010672252892777845
2025-10-21,3.266455138950519e-05
2025-10-22,-0.005337510300132964
2025-10-23,0.005827387527241212
2025-10-24,0.007902422519158847
2025-10-27,0.012290019126314666
2025-10-28,0.0022879467532392894
2025-10-29,-4.353574066628951e-05
2025-10-30,-0.009904812214919234
2025-10-31,0.0026178701149457417
2025-11-03,0.0017207099207625642
2025-11-04,-0.011736770592982726
2025-11-05,0.0036535209811638936
2025-11-06,-0.011178157494750818
2025-11-07,0.0012618446740633171
2025-11-10,0.015400963024610581
2025-11-11,0.0020753963084874094
2025-11-12,0.0006295086181336007
2025-11-13,-0.016556900387101336
2025-11-14,-0.0005016705034071034
2025-11-17,-0.009162309495983845
